scenario_id,category,load_regime,replications,baseline_mean_throughput_per_hour,throughput_difference,throughput_ci95_lower,throughput_ci95_upper,throughput_relative_lower_bound,movement_starts_difference,movement_starts_ci95_lower,movement_starts_ci95_upper,movement_stops_difference,mean_wait_difference_seconds,required_area_difference_m2,required_area_ratio,unfinished_difference,release_surge_difference,release_surge_ratio,conflict_proxy_difference,conflict_proxy_ratio,throughput_failure,movement_null,waiting_failure,space_failure,unfinished_failure,release_surge_failure,conflict_proxy_failure,staffing_failure,failure_labels,failure_detected
angle_045,geometry,0.95,30,410.3,10.133333333333333,5.407296237069578,14.859370429597089,0.013178884321397947,-8.789965801598642,-12.97724336705985,-4.602688236137434,-8.789965801598642,-50.47474605501603,-7.404761904761905,0.6800411522633745,0.0,5.5574338617590255,3.527005948637692,2.778545043672768,4.292283797495116,no,no,no,no,no,yes,yes,no,release_surge_proxy;conflict_proxy,yes
arrivals_batched,arrival_process,0.95,30,430.23333333333335,6.966666666666667,3.1467013925347933,10.78663194079854,0.007313941409781033,-3.7817251461988306,-6.033627789313897,-1.5298225030837642,-3.7817251461988306,-34.78538011695907,-4.166285714285714,0.6575655577299413,0.0,1.466666666666667,1.335717691940868,2.0258040935672517,2.007043575689671,no,no,no,no,no,no,yes,no,conflict_proxy,yes
arrivals_burst,arrival_process,0.95,30,361.43333333333334,80.9,73.38032556690871,88.4196744330913,0.20302589384923556,-58.673674061148645,-62.36201265288853,-54.98533546940876,-58.673674061148645,-553.7620375652639,-67.0952380952381,0.4730740463724757,-18.833333333333332,4.90138888888889,3.114439784301977,1.5813176421590434,3.1031296965591944,no,no,no,no,no,yes,yes,no,release_surge_proxy;conflict_proxy,yes
arrivals_flight_bank,arrival_process,0.95,30,341.5,113.8,103.5127246118232,124.08727538817679,0.3031119315133915,-72.87410872800723,-77.39482213158861,-68.35339532442585,-72.87410872800723,-707.6751101593767,-86.04761904761905,0.48503847249928755,-70.4,5.272222222222224,3.688385269121813,1.6162422400897096,3.16493922167925,no,no,no,no,no,yes,yes,no,release_surge_proxy;conflict_proxy,yes
capacity_006,downstream_capacity,0.95,30,222.53333333333333,204.36666666666667,187.9759152743693,220.75741805896405,0.8447090260981245,-53.594035060787874,-56.95462283307958,-50.233447288496166,-53.594035060787874,-1268.4379116713137,-136.90476190476193,0.14915655519384433,-124.83333333333333,0.463888888888889,1.3133208255159476,0.12303217178045354,1.1822350788803642,no,no,no,no,no,no,no,no,none,no
capacity_012,downstream_capacity,0.95,30,414.8666666666667,11.433333333333334,5.399032688712808,17.46763397795386,0.013013898494406574,-9.404397553441232,-12.894939190016007,-5.913855916866456,-9.404397553441232,-58.33279804700095,-5.6190476190476195,0.7830882352941178,0.0,2.1680555555555556,2.062627637848877,0.8683022343897581,2.103021248612377,no,no,no,no,no,yes,yes,no,release_surge_proxy;conflict_proxy,yes
capacity_024,downstream_capacity,0.95,30,414.3666666666667,7.0,3.7241082124629137,10.275891787537086,0.008987470547332267,-5.709941286221155,-8.46698416423643,-2.952898408205879,-5.709941286221155,-41.7093589517082,-4.643476190476191,0.7375246626632176,0.0,4.629861111111112,3.267687074829932,1.7922597796079065,3.279594486821991,no,no,no,no,no,yes,yes,no,release_surge_proxy;conflict_proxy,yes
combined_bank_extreme,combined,1.3,30,160.13333333333333,268.56666666666666,258.4955879293874,278.6377454039459,1.6142522143800213,-80.64419764392662,-81.29156779593235,-79.99682749192088,-80.64419764392662,-648.6768826535657,-178.07142857142858,0.6139073873315781,-560.5666666666667,1.0548611111111112,1.648037542662116,0.3172206431253347,1.470105230896273,no,no,no,no,no,no,no,no,none,no
combined_burst_overload,combined,1.15,30,333.3666666666667,115.43333333333334,107.27496491921603,123.59170174745064,0.3217927154860995,-74.29842115164091,-77.00273361923287,-71.59410868404895,-74.29842115164091,-609.5650453756864,-79.92857142857143,0.6225969645868465,-145.13333333333333,1.9819444444444447,1.9176848874598074,0.42927154170028464,1.5611299961004241,no,no,no,no,no,no,no,no,none,no
combined_lane_burst,combined,1.15,30,256.6333333333333,74.23333333333333,69.55129772787365,78.91536893879302,0.27101427871622413,-82.66282979751246,-84.00763378030773,-81.31802581471719,-82.66282979751246,-290.10940283294553,-68.61904761904762,0.743114359568589,-233.46666666666667,5.305555555555557,3.8380386329866276,0.9317163374292763,2.3115656432271177,no,no,no,no,no,yes,yes,no,release_surge_proxy;conflict_proxy,yes
combined_low_long_hold,combined,0.5,30,308.46666666666664,0.43333333333333335,0.1798239661881354,0.6868427004785314,0.0005829607721681503,-0.5052565728753904,-0.7233911184331918,-0.28712202731758896,-0.5052565728753904,-27.78287985659686,0.28109523809523823,1.0457253073270487,0.0,2.755555555555556,2.365450791465933,0.5075318169437816,1.6679132325679085,no,no,no,no,no,yes,no,no,release_surge_proxy,yes
compliance_050,compliance,0.95,30,416.7,14.933333333333334,7.192123325873383,22.674543340793285,0.01725971520487973,-8.7279012656997,-12.576211761093894,-4.879590770305505,-8.7279012656997,-73.01024619368816,-8.690476190476192,0.5944444444444444,0.0,4.759722222222224,3.389818688981869,2.6358544964285766,4.347433825332172,no,no,no,no,no,yes,yes,no,release_surge_proxy;conflict_proxy,yes
compliance_080,compliance,0.95,30,414.43333333333334,10.366666666666667,5.871348607423542,14.861984725909792,0.0141671727035073,-6.8117974458801,-9.648381146275453,-3.9752137454847474,-6.811797445880099,-49.269981186867206,-6.714285714285714,0.6548347613219094,0.0,4.762500000000001,3.351851851851852,2.3447435534587036,3.979331622746223,no,no,no,no,no,yes,yes,no,release_surge_proxy;conflict_proxy,yes
compliance_100,compliance,0.95,30,417.46666666666664,10.1,5.094695684725949,15.10530431527405,0.012203838273856474,-6.936464990193803,-10.289765385995427,-3.583164594392179,-6.936464990193803,-51.33805770624083,-6.976190476190476,0.6628308400460299,0.0,4.90138888888889,3.4171232876712327,2.1480496090690253,3.706873191507362,no,no,no,no,no,yes,yes,no,release_surge_proxy;conflict_proxy,yes
cv_020,service_variability,0.95,30,418.5,6.366666666666666,3.3244225569136936,9.408910776419638,0.007943662023688635,-4.762291231385505,-7.24431646026469,-2.2802660025063193,-4.762291231385505,-36.0631465784932,-3.857142857142857,0.7365853658536585,0.0,4.03263888888889,2.8762520193861065,2.0273072501758214,3.578335176889338,no,no,no,no,no,yes,yes,no,release_surge_proxy;conflict_proxy,yes
cv_100,service_variability,0.95,30,413.23333333333335,9.333333333333334,4.557102526063612,14.109564140603055,0.011027916091143692,-5.821076237866003,-8.490680998279254,-3.1514714774527524,-5.821076237866003,-50.08448780949595,-6.000000000000001,0.6853932584269663,0.0,4.67638888888889,3.078395061728395,2.402378620467392,3.8986288155110502,no,no,no,no,no,yes,yes,no,release_surge_proxy;conflict_proxy,yes
cv_150,service_variability,0.95,30,392.26666666666665,22.8,13.764837903796664,31.835162096203337,0.03509051131151427,-11.061224350062982,-14.751008291628068,-7.371440408497897,-11.061224350062982,-100.62633191210183,-16.61904761904762,0.48563006632277084,0.0,4.488194444444446,2.6304238143289607,2.6879704041259993,3.881354826443374,no,no,no,no,no,yes,yes,no,release_surge_proxy;conflict_proxy,yes
footprint_high,footprint,0.95,30,412.43333333333334,9.866666666666667,4.966808265561136,14.766525067772198,0.012042693604367096,-7.082865713401237,-10.573493430399148,-3.5922379964033246,-7.082865713401237,-53.23511659687886,-9.828000000000001,0.6609124679417142,0.0,6.866666666666666,3.3375886524822698,3.133336774671668,3.7396130189907977,no,no,no,no,no,yes,yes,no,release_surge_proxy;conflict_proxy,yes
hold_030,control,0.95,30,420.8333333333333,6.0,3.5445492914416215,8.455450708558379,0.008422691385603854,-4.195514865437101,-5.9693909120606765,-2.421638818813525,-4.195514865437101,-35.759737936323695,-8.071428571428571,0.4644549763033175,0.0,3.6020833333333337,2.7124463519313307,1.17538297676289,2.468156769791464,no,no,no,no,no,yes,yes,no,release_surge_proxy;conflict_proxy,yes
hold_300,control,0.95,30,414.8333333333333,16.966666666666665,8.907437278450262,25.02589605488307,0.021472327710205533,-11.076699913688147,-15.849760208131014,-6.3036396192452795,-11.076699913688147,-80.99928360014026,-6.9523809523809526,0.7298797409805735,0.0,4.950000000000001,3.452856159669649,3.136566886676828,4.990625278383875,no,no,no,no,no,yes,yes,no,release_surge_proxy;conflict_proxy,yes
lanes_close_reopen,lane_shock,0.95,30,307.8,67.03333333333333,61.83841548942187,72.2282511772448,0.20090453375380724,-44.92248216079459,-48.07362930925483,-41.77133501233435,-44.92248216079459,-400.00888571565514,-51.42857142857143,0.4216867469879518,0.0,5.147222222222223,3.5629322268326415,1.189292483241112,2.5723471443484844,no,no,no,no,no,yes,yes,no,release_surge_proxy;conflict_proxy,yes
lanes_one,lane_shock,0.95,30,239.66666666666666,3.7666666666666666,2.6938777249826478,4.8394556083506854,0.011240101773223843,-51.903370935737875,-53.85085769124561,-49.95588418023014,-51.903370935737875,-19.948169754025304,-19.785714285714285,0.8547202797202796,-8.666666666666666,5.2256944444444455,3.71955186122154,1.044239934521229,2.5795422066332097,no,no,no,no,no,yes,yes,no,release_surge_proxy;conflict_proxy,yes
lanes_two,lane_shock,0.95,30,334.6666666666667,9.5,7.541841699035356,11.458158300964644,0.022535383562854647,-32.87904260686281,-36.77947461807277,-28.978610595652853,-32.87904260686281,-107.84632904743869,-23.880952380952383,0.6864645201625509,0.0,5.419444444444445,3.9382530120481927,1.7612086105257079,3.428188775031182,no,no,no,no,no,yes,yes,no,release_surge_proxy;conflict_proxy,yes
load_050,load,0.5,30,230.76666666666668,1.9333333333333333,1.3537478972045014,2.512918769462165,0.0058663060690647174,-0.00043859649122806785,-0.0013356270360231084,0.00045843405356697266,-0.00043859649122807013,-27.870108557381737,0.046571428571428576,1.0257918194045201,0.0,0.02013888888888889,1.0116512655685015,0.002619373036445808,1.0039309348375696,no,yes,no,no,no,no,no,no,movement_null,yes
load_070,load,0.7,30,317.6333333333333,2.433333333333333,1.9561130835023692,2.910553583164297,0.006158399885095087,-0.18708544098494753,-0.352638951667641,-0.021531930302254088,-0.18708544098494753,-27.85527964997863,0.31161904761904763,1.0871510760707437,0.0,1.132638888888889,1.5409618573797677,0.19448634364791031,1.2685151357285913,no,no,no,no,no,no,no,no,none,no
load_085,load,0.85,30,389.1,5.733333333333333,0.8205394560130985,10.646127210653567,0.002108813816533278,-2.290215176716294,-4.662161664659312,0.0817313112267235,-2.290215176716294,-38.04206938856812,-1.575,0.8338749453783834,0.0,3.230555555555556,2.5143229166666665,1.0406055205548088,2.34854347387461,no,no,no,no,no,yes,yes,no,release_surge_proxy;conflict_proxy,yes
load_095,load,0.95,30,422.4,6.9,4.239032345115719,9.560967654884282,0.010035587938247442,-6.133831654058601,-8.437666756117519,-3.829996551999682,-6.133831654058601,-40.70670757522455,-5.190476190476191,0.7261306532663317,0.0,5.040277777777779,3.4503713706954757,2.4449821803139606,4.086011404384482,no,no,no,no,no,yes,yes,no,release_surge_proxy;conflict_proxy,yes
load_100,load,1.0,30,435.2,10.6,6.736087875159809,14.46391212484019,0.015478143095495885,-7.76562563986836,-10.353821345431315,-5.177429934305405,-7.76562563986836,-48.0285463631527,-8.642857142857144,0.6158730158730158,0.0,5.01388888888889,3.264742785445421,2.9271490444048003,4.562780581813198,no,no,no,no,no,yes,yes,no,release_surge_proxy;conflict_proxy,yes
load_115,load,1.15,30,380.7,73.53333333333333,62.287569801755666,84.779096864911,0.16361326451735136,-51.14239622514694,-58.53355453978722,-43.75123791050666,-51.14239622514694,-474.29865744820785,-66.5952380952381,0.4186239866971524,-19.4,5.393750000000001,3.8586676481413322,2.315287888203371,4.040710696794066,no,no,no,no,no,yes,yes,no,release_surge_proxy;conflict_proxy,yes
load_130,load,1.3,30,359.5,96.1,85.42511908997041,106.77488091002958,0.23762202806667707,-67.26371079158186,-72.19303158693477,-62.33438999622894,-67.26371079158186,-601.5742299781231,-85.30952380952381,0.5005575689991636,-79.7,5.424305555555557,3.887615526802218,1.6748609958603549,3.2328916090764697,no,no,no,no,no,yes,yes,no,release_surge_proxy;conflict_proxy,yes
narrow_gate,geometry,0.95,30,412.3666666666667,12.733333333333333,5.25560264361081,20.211064023055854,0.012744974481313094,-7.462626357388598,-11.377837276305335,-3.54741543847186,-7.462626357388598,-58.52982046462557,-8.357142857142858,0.6024915062287656,0.0,6.267759562841531,3.3731034482758626,2.935687889508868,3.854642753575383,no,no,no,no,no,yes,yes,no,release_surge_proxy;conflict_proxy,yes
restricted_space,geometry,0.95,30,411.43333333333334,7.633333333333334,3.711516470693578,11.55515019597309,0.009020942568322721,-6.1681023552096725,-9.352368026785047,-2.983836683634297,-6.1681023552096725,-46.541332437090205,-6.098190476190476,0.6733737167633743,0.0,4.530555555555557,3.249655172413793,2.08107828977491,3.6559047821384327,no,no,no,no,no,yes,yes,no,release_surge_proxy;conflict_proxy,yes
s3_bad_control,combined,0.95,30,414.3333333333333,-13.333333333333334,-19.65150255115915,-7.015164115507518,-0.047429209697085646,-5.295578823050035,-8.17186885378593,-2.419288792314139,-5.295578823050035,82.9170260687932,11.952380952380953,1.6905089408528198,0.0,12.358333333333338,7.376209243998568,10.350051598883697,14.14298551904826,yes,no,yes,yes,no,yes,yes,no,throughput;waiting;space;release_surge_proxy;conflict_proxy,yes
s3_batch_001,controller_failure,0.95,30,421.6666666666667,6.3,3.9218376424006345,8.678162357599366,0.00930080073296593,-5.967473587366328,-8.293508616627978,-3.6414385581046775,-5.967473587366328,-36.94739238581011,-3.4761904761904763,0.8098958333333333,0.0,-1.3895833333333336,0.33099297893681034,-0.216409329006474,0.72930402799517,no,no,no,no,no,no,no,no,none,no
s3_batch_024,controller_failure,0.95,30,423.3,4.733333333333333,3.2496132820453436,6.217053384621323,0.007676856324227129,-4.004394518518248,-5.586702347219325,-2.4220866898171716,-4.004394518518248,-33.25184929907147,-2.7857142857142856,0.814873417721519,0.0,7.71527777777778,4.938319744771358,2.5153097335583494,4.152657147702193,no,no,no,no,no,yes,yes,no,release_surge_proxy;conflict_proxy,yes
s3_decision_030,controller_failure,0.95,30,416.7,9.1,4.467864034713908,13.73213596528609,0.010722015922039616,-7.415458630933835,-10.379595972963882,-4.451321288903788,-7.415458630933835,-34.09117340582882,-4.690476190476191,0.758873929008568,0.0,5.135416666666667,3.582954942368145,3.880455159592508,5.942043483602132,no,no,no,no,no,yes,yes,no,release_surge_proxy;conflict_proxy,yes
s3_decision_060,controller_failure,0.95,30,422.3666666666667,1.3,-3.3588385521804076,5.958838552180407,-0.007952423373483722,-6.034073165233815,-8.726210769477888,-3.3419355609897425,-6.034073165233815,4.0205179126756425,1.4761904761904763,1.0869565217391304,0.0,5.3291666666666675,3.6664350243224466,5.201395234101711,7.55066031399563,no,no,no,no,no,yes,yes,no,release_surge_proxy;conflict_proxy,yes
s3_gate_005,guidance_delay,0.95,30,421.96666666666664,7.0,2.8790931322595306,11.12090686774047,0.006823034518349469,-5.713012675337369,-8.134007317849909,-3.292018032824829,-5.713012675337369,-36.0658970170159,-4.859428571428571,0.7177470211424208,0.0,4.931944444444445,3.520227111426544,2.4837512807206323,4.122241280853463,no,no,no,no,no,yes,yes,no,release_surge_proxy;conflict_proxy,yes
s3_gate_015,guidance_delay,0.95,30,419.2,9.233333333333333,3.53169459814968,14.934972068516984,0.008424843984135687,-7.966286458763434,-11.530310295854981,-4.402262621671886,-7.966286458763434,-42.54938745840121,-6.190476190476191,0.713971397139714,0.0,4.990972222222223,3.5467753366406805,2.8963542491175143,4.677691645694899,no,no,no,no,no,yes,yes,no,release_surge_proxy;conflict_proxy,yes
s3_staff_zero,staffing,0.95,30,416.1333333333333,10.966666666666667,5.363872370886588,16.569460962446747,0.012889792624687412,-8.683354671643892,-12.988834733555152,-4.3778746097326335,-8.683354671643892,-60.475759717397,-8.952380952380953,0.6266137040714995,0.0,4.940277777777779,3.4564917127071824,2.2464078377507026,3.8407720391955933,no,no,no,no,no,yes,yes,yes,release_surge_proxy;conflict_proxy;staffing,yes
s3_threshold_zero_hold,controller_failure,0.95,30,416.3,-0.1,-6.877125400518477,6.677125400518478,-0.016519638242898097,-8.243561332559523,-11.838782670496403,-4.648339994622642,-8.243561332559523,10.37474690558849,5.333333333333334,1.2398286937901497,0.0,5.2986111111111125,3.575962187711006,5.258594808222924,7.661745997394606,no,no,no,no,no,yes,yes,no,release_surge_proxy;conflict_proxy,yes
