parameter,estimate,lower,upper,unit,context,source,DOI_or_URL,access_date,evidence_quality,used_as,notes
airport_free_walking_speed,1.3,1.0,1.6,m/s,airport terminal pedestrians,Young 1999,10.3141/1674-03,2026-09-24,peer-reviewed airport observations,sensitivity range,Exact subgroup estimates require full-text extraction; broad range avoids false precision
pedestrian_startup_delay,0.39,0.2,0.8,s,controlled single-file stop/start experiment,Tavana et al. 2024,10.1016/j.tbs.2023.100659,2026-09-24,peer-reviewed motion capture,distribution anchor,Reported mean is 0.39 s; sensitivity bounds are explicit modeling assumptions
pedestrian_reaction_delay,0.48,0.2,1.0,s,controlled single-file stop/start experiment,Tavana et al. 2024,10.1016/j.tbs.2023.100659,2026-09-24,peer-reviewed motion capture,distribution anchor,Reported mean is 0.48 s; not interpreted physiologically
pedestrian_slowdown_time,0.58,0.2,1.2,s,controlled single-file stop/start experiment,Tavana et al. 2024,10.1016/j.tbs.2023.100659,2026-09-24,peer-reviewed motion capture,distribution anchor,Reported mean is 0.58 s; broad sensitivity bounds
queue_space_per_passenger,,0.6,1.39,m2/passenger,security checkpoint single queue,PANYNJ terminal planning guideline citing IATA ADRM 9th edition,https://crp.trb.org/acrp0715/wp-content/themes/acrp-child/documents/115/original/Terminal_Planning_Guidelines.pdf,2026-09-24,authoritative but legacy 2004 values,sensitivity constraint,Converted from 6.5-15.0 ft2/passenger; not asserted as current IATA 12th-edition requirement
accessible_route_clear_width,0.915,0.915,,m,accessible walking surface,2010 ADA Standards section 403.5.1,https://www.ada.gov/assets/pdfs/2010-design-standards.pdf,2026-09-24,official enforceable US minimum,hard geometry constraint,Local requirements may be stricter
accessible_turning_diameter,1.525,1.525,,m,wheelchair circular turning space,2010 ADA Standards section 304.3.1,https://www.ada.gov/assets/pdfs/2010-design-standards.pdf,2026-09-24,official enforceable US minimum,hard geometry constraint,Equivalent T-shaped space is permitted by the standard
luggage_footprint_multiplier,1.25,1.0,1.6,ratio,luggage-laden airport pedestrians,Davis and Braaksma 1988,10.1016/0191-2607(88)90014-3,2026-09-24,peer-reviewed airport study,engineering sensitivity,Source supports class-dependent space requirements; numerical range is deliberately treated as assumption pending full-text extraction
screening_service_rate,180.0,120.0,240.0,passengers/hour/lane,generic checkpoint lane,FAA AC 150/5360-13A and PANYNJ terminal planning guidance,https://www.faa.gov/documentLibrary/media/Advisory_Circular/AC-150-5360-13A-Airport-Terminal-Planning.pdf,2026-09-24,authoritative guidance says airport-specific,engineering sensitivity,Not an empirical estimate attributed to the guidance
service_time_cv,0.65,0.35,1.2,ratio,generic stochastic lane service,explicit model assumption,,2026-09-24,assumption,sensitivity parameter,Gamma service distribution; stress-tested with long-inspection mixture
luggage_prevalence,0.65,0.0,1.0,proportion,generic airport passengers,explicit model assumption informed by luggage literature,10.1016/0191-2607(88)90014-3,2026-09-24,assumption,sensitivity parameter,No airport population prevalence claim
reduced_mobility_prevalence,0.05,0.0,0.2,proportion,generic passenger heterogeneity,explicit model assumption,,2026-09-24,assumption,sensitivity parameter,No clinical prevalence claim
gate_release_delay,0.75,0.0,3.0,s,batch gate or visual release,explicit model assumption,,2026-09-24,assumption,sensitivity parameter,Includes signal perception and gate actuation
body_footprint,0.2,0.16,0.25,m2/person,generic schematic passenger footprint,explicit model assumption,,2026-09-24,assumption,sensitivity parameter,Not a crowd-safety threshold
luggage_footprint_per_bag,0.12,0.08,0.2,m2/bag,generic carried or wheeled luggage footprint,explicit model assumption informed by Davis and Braaksma 1988,10.1016/0191-2607(88)90014-3,2026-09-24,assumption,sensitivity parameter,Source supports luggage-dependent space needs but these numerical bounds are not presented as extracted empirical estimates
static_clearance,0.35,0.25,0.55,m2/person,stationary holding clearance,explicit model assumption,,2026-09-24,assumption,sensitivity parameter,Varied broadly because no checkpoint-specific empirical estimate was retained
moving_clearance,0.55,0.4,0.85,m2/person,movement clearance before luggage turning envelope,explicit model assumption,,2026-09-24,assumption,sensitivity parameter,Varied independently from static clearance
row_spacing,1.2,0.9,1.8,m,parallel stationary rows,explicit model assumption,,2026-09-24,assumption,sensitivity parameter,Must also satisfy accessible route and turning constraints
gate_width,1.2,0.915,2.0,m,release opening,2010 ADA minimum plus engineering sensitivity,https://www.ada.gov/assets/pdfs/2010-design-standards.pdf,2026-09-24,mixed official minimum and assumption,geometry constraint and sensitivity,0.915 m is the retained route-width minimum; larger values are engineering cases
barrier_footprint,8.0,0.0,12.0,m2,generic checkpoint holding layout,explicit model assumption,,2026-09-24,assumption,sensitivity parameter,Layout cases must report the selected footprint
row_orientation,0.0,0.0,45.0,degrees,parallel stationary rows,explicit model assumption,,2026-09-24,assumption,screened design factor,Prespecified discrete screen at 0 15 30 and 45 degrees
release_compliance,0.98,0.8,1.0,proportion,stationary row control,explicit model assumption,,2026-09-24,assumption,sensitivity parameter,Noncompliance is actively falsified
