design_id,policy,layout,row_angle_degrees,batch_size,sub_batch_size,downstream_threshold,barrier_footprint_m2,release_staff_count,gate_delay_seconds,throughput_per_hour,mean_movement_starts,mean_movement_stops,mean_turning_angle_degrees,mean_movement_distance_m,mean_movement_time_seconds,mean_wait_seconds,p95_wait_seconds,required_waiting_area_m2_at_density_limit,capacity_efficiency_passengers_per_m2,density_limit_exceedance_fraction,mean_movement_conflict_proxy,intervention_count,unfinished,minimum_throughput_relative_lower_bound,feasible,pareto_efficient
S1_B1_a00_b08_s04_t06,S1,B1,0.0,8,4,6,10.0,2,1.5,401.05,1.0,0.0,360.0,22.0,21.341646414164273,115.0684172928064,198.9254324283453,7.0,1.4,0.0,4.640147066564691,12.2,0.0,-0.005859961282829186,yes,no
S1_B1_a00_b12_s04_t06,S1,B1,0.0,12,4,6,10.0,2,1.5,397.35,1.0,0.0,360.0,22.0,21.341646414164273,140.9102161173882,236.327593965959,9.678571428571429,1.4,0.0,6.766327169227721,12.2,0.0,-0.017496739416668784,yes,no
S1_B1_a00_b16_s04_t06,S1,B1,0.0,16,4,6,10.0,2,1.5,395.55,1.0,0.0,360.0,22.0,21.341646414164273,157.2648536319656,262.63836744979574,12.17857142857143,1.4,0.0,8.266936043902138,12.2,0.0,-0.022262391710476604,no,no
S1_B1_a15_b08_s04_t06,S1,B1,15.0,8,4,6,10.0,2,1.5,401.0,1.0,0.0,390.0,22.776075969021825,22.010893635746633,115.60192566289297,199.47756623582325,7.0,1.4,0.0,4.768171337610211,12.2,0.0,-0.006300364506244556,yes,no
S1_B1_a15_b12_s04_t06,S1,B1,15.0,12,4,6,10.0,2,1.5,397.35,1.0,0.0,390.0,22.776075969021825,22.010893635746633,141.46131196235024,236.83272056283252,9.678571428571429,1.4,0.0,6.952868146461704,12.2,0.0,-0.017671513311402494,yes,no
S1_B1_a15_b16_s04_t06,S1,B1,15.0,16,4,6,10.0,2,1.5,395.5,1.0,0.0,390.0,22.776075969021825,22.010893635746633,157.80144310481745,263.0981414209551,12.17857142857143,1.4,0.0,8.498092513207652,12.2,0.0,-0.02245473798453356,no,no
S1_B1_a30_b08_s04_t06,S1,B1,30.0,8,4,6,10.0,2,1.5,400.55,1.0,0.0,420.0,25.40341184434353,24.27657032837628,117.51467586719676,201.26525719350752,7.0,1.4,0.0,4.889519319480117,12.2,0.0,-0.00808444426388431,yes,no
S1_B1_a30_b12_s04_t06,S1,B1,30.0,12,4,6,10.0,2,1.5,397.1,1.0,0.0,420.0,25.40341184434353,24.27657032837628,143.32875329470056,238.80739240743878,9.678571428571429,1.4,0.0,7.130486327192218,12.2,0.0,-0.017671513311402494,yes,no
S1_B1_a30_b16_s04_t06,S1,B1,30.0,16,4,6,10.0,2,1.5,395.45,1.0,0.0,420.0,25.40341184434353,24.27657032837628,159.51347757630612,264.24538883814387,12.17857142857143,1.4,0.0,8.709824957166079,12.2,0.0,-0.022743189724013006,no,no
S1_B1_a45_b08_s04_t06,S1,B1,45.0,8,4,6,10.0,2,1.5,400.15,1.0,0.0,450.0,31.112698372208094,29.19995965945801,121.52797969092045,204.86812024151078,7.0,1.4,0.0,4.992363908460661,12.2,0.0,-0.008912830508081771,yes,no
S1_B1_a45_b12_s04_t06,S1,B1,45.0,12,4,6,10.0,2,1.5,396.65,1.0,0.0,450.0,31.112698372208094,29.19995965945801,147.20401108104465,242.1484349082251,9.678571428571429,1.4,0.0,7.275414395761786,12.2,0.0,-0.018259150049336027,no,no
S1_B1_a45_b16_s04_t06,S1,B1,45.0,16,4,6,10.0,2,1.5,394.85,1.0,0.0,450.0,31.112698372208094,29.19995965945801,163.3704516276997,267.12869086173896,12.17857142857143,1.4,0.0,8.87751299496135,12.2,0.0,-0.024112697386026432,no,no
S1_B2_a00_b08_s04_t06,S1,B2,0.0,8,4,6,9.0,0,0.35,401.15,1.0,0.0,360.0,22.0,20.191646414164275,113.90703342183429,197.72849740562435,7.0,1.4,0.0,4.640147066564691,12.2,0.0,-0.005616156093533146,yes,no
S1_B2_a00_b12_s04_t06,S1,B2,0.0,12,4,6,9.0,0,0.35,397.5,1.0,0.0,360.0,22.0,20.191646414164275,139.79661609048352,235.17215961819335,9.678571428571429,1.4,0.0,6.767652937672572,12.2,0.0,-0.017300207420479528,yes,no
S1_B2_a00_b16_s04_t06,S1,B2,0.0,16,4,6,9.0,0,0.35,395.7,1.0,0.0,360.0,22.0,20.191646414164275,156.14022435532104,261.51120040008146,12.17857142857143,1.4,0.0,8.269465455666843,12.2,0.0,-0.021732226705711812,no,no
S1_B2_a15_b08_s04_t06,S1,B2,15.0,8,4,6,9.0,0,0.35,401.1,1.0,0.0,390.0,22.776075969021825,20.860893635746635,114.42927137443019,198.36668710176986,7.0,1.4,0.0,4.769986619402484,12.2,0.0,-0.005859961282829186,yes,no
S1_B2_a15_b12_s04_t06,S1,B2,15.0,12,4,6,9.0,0,0.35,397.45,1.0,0.0,390.0,22.776075969021825,20.860893635746635,140.3234373782573,235.7501778747307,9.678571428571429,1.4,0.0,6.955419586983888,12.2,0.0,-0.017300207420479528,yes,no
S1_B2_a15_b16_s04_t06,S1,B2,15.0,16,4,6,9.0,0,0.35,395.65,1.0,0.0,390.0,22.776075969021825,20.860893635746635,156.66610268822006,262.03111848755566,12.17857142857143,1.4,0.0,8.498335265390242,12.2,0.0,-0.021732226705711812,no,no
S1_B2_a30_b08_s04_t06,S1,B2,30.0,8,4,6,9.0,0,0.35,400.9,1.0,0.0,420.0,25.40341184434353,23.126570328376282,116.3572550041074,200.09355703242596,7.0,1.4,0.0,4.889521862847797,12.2,0.0,-0.007102233734906154,yes,no
S1_B2_a30_b12_s04_t06,S1,B2,30.0,12,4,6,9.0,0,0.35,397.25,1.0,0.0,420.0,25.40341184434353,23.126570328376282,142.10946873021766,237.14244234509624,9.678571428571429,1.4,0.0,7.129728610136438,12.2,0.0,-0.017671513311402494,yes,no
S1_B2_a30_b16_s04_t06,S1,B2,30.0,16,4,6,9.0,0,0.35,395.45,1.0,0.0,420.0,25.40341184434353,23.126570328376282,158.41208108595183,263.53818732962566,12.17857142857143,1.4,0.0,8.714041563358748,12.2,0.0,-0.02245473798453356,no,no
S1_B2_a45_b08_s04_t06,S1,B2,45.0,8,4,6,9.0,0,0.35,400.2,1.0,0.0,450.0,31.112698372208094,28.04995965945801,120.44395490822265,203.82043540700934,7.0,1.4,0.0,4.992831973565436,12.2,0.0,-0.008912830508081771,yes,no
S1_B2_a45_b12_s04_t06,S1,B2,45.0,12,4,6,9.0,0,0.35,396.8,1.0,0.0,450.0,31.112698372208094,28.04995965945801,146.076454242818,241.02722221921016,9.678571428571429,1.4,0.0,7.277554656800055,12.2,0.0,-0.018346779895623434,no,no
S1_B2_a45_b16_s04_t06,S1,B2,45.0,16,4,6,9.0,0,0.35,394.95000000000005,1.0,0.0,450.0,31.112698372208094,28.04995965945801,162.1901888790957,266.2566861797802,12.17857142857143,1.4,0.0,8.886508831510564,12.2,0.0,-0.023783031391042868,no,no
S1_B3_a00_b08_s04_t06,S1,B3,0.0,8,4,6,3.0,1,0.1,401.15,1.0,0.0,360.0,22.0,19.941646414164275,113.6376714284445,197.57225957666896,7.0,1.4,0.0,4.640147066564691,12.2,0.0,-0.005616156093533146,yes,no
S1_B3_a00_b12_s04_t06,S1,B3,0.0,12,4,6,3.0,1,0.1,397.54999999999995,1.0,0.0,360.0,22.0,19.941646414164275,139.5347689832453,235.04166472594315,9.678571428571429,1.4,0.0,6.767652937672572,12.2,0.0,-0.017300207420479528,yes,no
S1_B3_a00_b16_s04_t06,S1,B3,0.0,16,4,6,3.0,1,0.1,395.7,1.0,0.0,360.0,22.0,19.941646414164275,155.90039592271677,261.28159439428293,12.17857142857143,1.4,0.0,8.269465455666843,12.2,0.0,-0.021732226705711812,no,no
S1_B3_a15_b08_s04_t06,S1,B3,15.0,8,4,6,3.0,1,0.1,401.1,1.0,0.0,390.0,22.776075969021825,20.610893635746635,114.21658804516697,198.17291885122148,7.0,1.4,0.0,4.769986619402484,12.2,0.0,-0.005859961282829186,yes,no
S1_B3_a15_b12_s04_t06,S1,B3,15.0,12,4,6,3.0,1,0.1,397.5,1.0,0.0,390.0,22.776075969021825,20.610893635746635,140.04446238376545,235.53649637753028,9.678571428571429,1.4,0.0,6.955130469326594,12.2,0.0,-0.017300207420479528,yes,no
S1_B3_a15_b16_s04_t06,S1,B3,15.0,16,4,6,3.0,1,0.1,395.65,1.0,0.0,390.0,22.776075969021825,20.610893635746635,156.39651470901566,261.77211045926043,12.17857142857143,1.4,0.0,8.495354470993298,12.2,0.0,-0.021732226705711812,no,no
S1_B3_a30_b08_s04_t06,S1,B3,30.0,8,4,6,3.0,1,0.1,400.95000000000005,1.0,0.0,420.0,25.40341184434353,22.876570328376282,116.11197445379034,199.91392480815875,7.0,1.4,0.0,4.889521862847797,12.2,0.0,-0.006712868194375268,yes,no
S1_B3_a30_b12_s04_t06,S1,B3,30.0,12,4,6,3.0,1,0.1,397.35,1.0,0.0,420.0,25.40341184434353,22.876570328376282,141.8443675358451,237.09544961555656,9.678571428571429,1.4,0.0,7.129008021901144,12.2,0.0,-0.017671513311402494,yes,no
S1_B3_a30_b16_s04_t06,S1,B3,30.0,16,4,6,3.0,1,0.1,395.45,1.0,0.0,420.0,25.40341184434353,22.876570328376282,158.14039722919617,263.22433788104763,12.17857142857143,1.4,0.0,8.713719533881768,12.2,0.0,-0.02245473798453356,no,no
S1_B3_a45_b08_s04_t06,S1,B3,45.0,8,4,6,3.0,1,0.1,400.2,1.0,0.0,450.0,31.112698372208094,27.79995965945801,120.15077360792509,203.54546993308253,7.0,1.4,0.0,4.992831973565436,12.2,0.0,-0.008912830508081771,yes,no
S1_B3_a45_b12_s04_t06,S1,B3,45.0,12,4,6,3.0,1,0.1,396.85,1.0,0.0,450.0,31.112698372208094,27.79995965945801,145.84775979624715,240.98655411748223,9.678571428571429,1.4,0.0,7.277743914758057,12.2,0.0,-0.018020025654240733,no,no
S1_B3_a45_b16_s04_t06,S1,B3,45.0,16,4,6,3.0,1,0.1,395.0,1.0,0.0,450.0,31.112698372208094,27.79995965945801,161.9504161329478,266.0245804032447,12.17857142857143,1.4,0.0,8.887808590795261,12.2,0.0,-0.023564845160096423,no,no
S1_B4_a00_b08_s04_t06,S1,B4,0.0,8,4,6,7.0,1,0.5,401.1,1.0,0.0,360.0,22.0,20.341646414164273,114.05841729280638,197.9254324283453,7.0,1.4,0.0,4.640147066564691,12.2,0.0,-0.005859961282829186,yes,no
S1_B4_a00_b12_s04_t06,S1,B4,0.0,12,4,6,7.0,1,0.5,397.45,1.0,0.0,360.0,22.0,20.341646414164273,139.9341122958152,235.49403812906968,9.678571428571429,1.4,0.0,6.767652937672572,12.2,0.0,-0.017300207420479528,yes,no
S1_B4_a00_b16_s04_t06,S1,B4,0.0,16,4,6,7.0,1,0.5,395.65,1.0,0.0,360.0,22.0,20.341646414164273,156.28273598490676,261.67194012188486,12.17857142857143,1.4,0.0,8.264038985078608,12.2,0.0,-0.021732226705711812,no,no
S1_B4_a15_b08_s04_t06,S1,B4,15.0,8,4,6,7.0,1,0.5,401.1,1.0,0.0,390.0,22.776075969021825,21.010893635746633,114.57404330995178,198.47756623582325,7.0,1.4,0.0,4.769986619402484,12.2,0.0,-0.005859961282829186,yes,no
S1_B4_a15_b12_s04_t06,S1,B4,15.0,12,4,6,7.0,1,0.5,397.45,1.0,0.0,390.0,22.776075969021825,21.010893635746633,140.44295902117375,235.83272056283252,9.678571428571429,1.4,0.0,6.955419586983888,12.2,0.0,-0.017300207420479528,yes,no
S1_B4_a15_b16_s04_t06,S1,B4,15.0,16,4,6,7.0,1,0.5,395.65,1.0,0.0,390.0,22.776075969021825,21.010893635746633,156.80013542254278,262.15717218654913,12.17857142857143,1.4,0.0,8.498335265390242,12.2,0.0,-0.021732226705711812,no,no
S1_B4_a30_b08_s04_t06,S1,B4,30.0,8,4,6,7.0,1,0.5,400.9,1.0,0.0,420.0,25.40341184434353,23.27657032837628,116.52801302645071,200.32215927442488,7.0,1.4,0.0,4.889521862847797,12.2,0.0,-0.007102233734906154,yes,no
S1_B4_a30_b12_s04_t06,S1,B4,30.0,12,4,6,7.0,1,0.5,397.25,1.0,0.0,420.0,25.40341184434353,23.27657032837628,142.3126356476417,237.54657180944275,9.678571428571429,1.4,0.0,7.129498217979576,12.2,0.0,-0.017671513311402494,yes,no
S1_B4_a30_b16_s04_t06,S1,B4,30.0,16,4,6,7.0,1,0.5,395.6,1.0,0.0,420.0,25.40341184434353,23.27657032837628,158.55998845978883,263.57291911066375,12.17857142857143,1.4,0.0,8.713863962384877,12.2,0.0,-0.02245473798453356,no,no
S1_B4_a45_b08_s04_t06,S1,B4,45.0,8,4,6,7.0,1,0.5,400.2,1.0,0.0,450.0,31.112698372208094,28.19995965945801,120.54656792621456,203.86812024151078,7.0,1.4,0.0,4.992831973565436,12.2,0.0,-0.008912830508081771,yes,no
S1_B4_a45_b12_s04_t06,S1,B4,45.0,12,4,6,7.0,1,0.5,396.8,1.0,0.0,450.0,31.112698372208094,28.19995965945801,146.20922172406017,241.1682717485375,9.678571428571429,1.4,0.0,7.277399001346588,12.2,0.0,-0.018346779895623434,no,no
S1_B4_a45_b16_s04_t06,S1,B4,45.0,16,4,6,7.0,1,0.5,394.9,1.0,0.0,450.0,31.112698372208094,28.19995965945801,162.3176974812891,266.32503448132974,12.17857142857143,1.4,0.0,8.886508831510564,12.2,0.0,-0.023783031391042868,no,no
S2_B1_a00_b12_s02_t06,S2,B1,0.0,12,2,6,10.0,2,1.5,404.65,1.0,0.0,360.0,22.0,21.341646414164273,79.21173506256937,149.05487907788972,3.2951428571428574,1.4,0.0,1.1671511853504686,12.2,0.0,0.0018099786672032387,yes,no
S2_B1_a00_b12_s04_t06,S2,B1,0.0,12,4,6,10.0,2,1.5,403.5,1.0,0.0,360.0,22.0,21.341646414164273,89.52255263545061,162.07615990145518,4.297357142857143,1.4,0.0,2.3315835330239727,12.2,0.0,-0.0007976527083768701,yes,no
S2_B1_a00_b12_s06_t06,S2,B1,0.0,12,6,6,10.0,2,1.5,402.55,1.0,0.0,360.0,22.0,21.341646414164273,102.33295008412075,179.29332226910438,5.75,1.4,0.0,3.492634706176636,12.2,0.0,-0.0030585702976115023,yes,no
S2_B1_a15_b12_s02_t06,S2,B1,15.0,12,2,6,10.0,2,1.5,404.65,1.0,0.0,390.0,22.776075969021825,22.010893635746633,79.81192027736047,149.52317679736984,3.2951428571428574,1.4,0.0,1.1998081814408827,12.2,0.0,0.0018099786672032387,yes,no
S2_B1_a15_b12_s04_t06,S2,B1,15.0,12,4,6,10.0,2,1.5,403.45000000000005,1.0,0.0,390.0,22.776075969021825,22.010893635746633,90.17512528033349,162.5573733795178,4.297357142857143,1.4,0.0,2.3963956642091047,12.2,0.0,-0.0007976527083768701,yes,no
S2_B1_a15_b12_s06_t06,S2,B1,15.0,12,6,6,10.0,2,1.5,402.5,1.0,0.0,390.0,22.776075969021825,22.010893635746633,102.8838147558801,179.6475983862338,5.75,1.4,0.0,3.590373312966121,12.2,0.0,-0.00351401412520924,yes,no
S2_B1_a30_b12_s02_t06,S2,B1,30.0,12,2,6,10.0,2,1.5,404.35,1.0,0.0,420.0,25.40341184434353,24.27657032837628,82.03773413265901,151.78153620702594,3.2951428571428574,1.4,0.0,1.2302396572159724,12.2,0.0,0.0007129556415241765,yes,no
S2_B1_a30_b12_s04_t06,S2,B1,30.0,12,4,6,10.0,2,1.5,403.25,1.0,0.0,420.0,25.40341184434353,24.27657032837628,92.31217869269537,164.79587296229604,4.297357142857143,1.4,0.0,2.4573073463844333,12.2,0.0,-0.0010675021305250373,yes,no
S2_B1_a30_b12_s06_t06,S2,B1,30.0,12,6,6,10.0,2,1.5,402.25,1.0,0.0,420.0,25.40341184434353,24.27657032837628,104.87327111527621,181.77379971691127,5.75,1.4,0.0,3.681010018752998,12.2,0.0,-0.0047105273071696985,yes,no
S2_B1_a45_b12_s02_t06,S2,B1,45.0,12,2,6,10.0,2,1.5,403.85,1.0,0.0,450.0,31.112698372208094,29.19995965945801,86.89628907994995,157.0050872548506,3.2951428571428574,1.4,0.0,1.2563717578920581,12.2,0.0,0.0003731877782508808,yes,no
S2_B1_a45_b12_s04_t06,S2,B1,45.0,12,4,6,10.0,2,1.5,402.79999999999995,1.0,0.0,450.0,31.112698372208094,29.19995965945801,96.90370162701026,169.34547688432104,4.297357142857143,1.4,0.0,2.509029495570613,12.2,0.0,-0.0023763112333723764,yes,no
S2_B1_a45_b12_s06_t06,S2,B1,45.0,12,6,6,10.0,2,1.5,401.6,1.0,0.0,450.0,31.112698372208094,29.19995965945801,109.12870351815545,186.025057642218,5.75,1.4,0.0,3.757407148270996,12.2,0.0,-0.005442878346162854,yes,no
S2_B2_a00_b12_s02_t06,S2,B2,0.0,12,2,6,9.0,0,0.35,404.75,1.0,0.0,360.0,22.0,20.191646414164275,78.06974017013218,147.85426187259804,3.2951428571428574,1.4,0.0,1.1672933422132137,12.2,0.0,0.0019856401844237322,yes,no
S2_B2_a00_b12_s04_t06,S2,B2,0.0,12,4,6,9.0,0,0.35,403.85,1.0,0.0,360.0,22.0,20.191646414164275,88.39066470159395,160.91888828796476,4.297357142857143,1.4,0.0,2.3315835330239727,12.2,0.0,-0.00035753700488368824,yes,no
S2_B2_a00_b12_s06_t06,S2,B2,0.0,12,6,6,9.0,0,0.35,402.6,1.0,0.0,360.0,22.0,20.191646414164275,101.20787614435233,178.2905801643588,5.75,1.4,0.0,3.4931520749866882,12.2,0.0,-0.002456351218201504,yes,no
S2_B2_a15_b12_s02_t06,S2,B2,15.0,12,2,6,9.0,0,0.35,404.65,1.0,0.0,390.0,22.776075969021825,20.860893635746635,78.66190059308371,148.4318308518785,3.2951428571428574,1.4,0.0,1.199955413186865,12.2,0.0,0.0018099786672032387,yes,no
S2_B2_a15_b12_s04_t06,S2,B2,15.0,12,4,6,9.0,0,0.35,403.5,1.0,0.0,390.0,22.776075969021825,20.860893635746635,89.00495806566471,161.42598194795494,4.297357142857143,1.4,0.0,2.3968126767206774,12.2,0.0,-0.0007976527083768701,yes,no
S2_B2_a15_b12_s06_t06,S2,B2,15.0,12,6,6,9.0,0,0.35,402.6,1.0,0.0,390.0,22.776075969021825,20.860893635746635,101.77967731329653,178.61679269460518,5.75,1.4,0.0,3.590373312966121,12.2,0.0,-0.0027676956324883496,yes,no
S2_B2_a30_b12_s02_t06,S2,B2,30.0,12,2,6,9.0,0,0.35,404.6,1.0,0.0,420.0,25.40341184434353,23.126570328376282,80.89898248722656,150.54948605314408,3.2951428571428574,1.4,0.0,1.230391618000286,12.2,0.0,0.0018099786672032387,yes,no
S2_B2_a30_b12_s04_t06,S2,B2,30.0,12,4,6,9.0,0,0.35,403.35,1.0,0.0,420.0,25.40341184434353,23.126570328376282,91.1463370142161,163.6230101891581,4.297357142857143,1.4,0.0,2.457170091482473,12.2,0.0,-0.0007976527083768701,yes,no
S2_B2_a30_b12_s06_t06,S2,B2,30.0,12,6,6,9.0,0,0.35,402.4,1.0,0.0,420.0,25.40341184434353,23.126570328376282,103.74116647391679,180.64062218253628,5.75,1.4,0.0,3.681024724635351,12.2,0.0,-0.003766816332541379,yes,no
S2_B2_a45_b12_s02_t06,S2,B2,45.0,12,2,6,9.0,0,0.35,404.04999999999995,1.0,0.0,450.0,31.112698372208094,28.04995965945801,85.77111994776482,155.9202764237052,3.2951428571428574,1.4,0.0,1.2563717578920581,12.2,0.0,0.0002820334454290735,yes,no
S2_B2_a45_b12_s04_t06,S2,B2,45.0,12,4,6,9.0,0,0.35,402.79999999999995,1.0,0.0,450.0,31.112698372208094,28.04995965945801,95.78145215409599,168.23420060359678,4.297357142857143,1.4,0.0,2.509168780931213,12.2,0.0,-0.0023763112333723764,yes,no
S2_B2_a45_b12_s06_t06,S2,B2,45.0,12,6,6,9.0,0,0.35,401.75,1.0,0.0,450.0,31.112698372208094,28.04995965945801,108.02939613060023,184.87742303591926,5.75,1.4,0.0,3.757407148270996,12.2,0.0,-0.005442878346162854,yes,no
S2_B3_a00_b12_s02_t06,S2,B3,0.0,12,2,6,3.0,1,0.1,404.75,1.0,0.0,360.0,22.0,19.941646414164275,77.79651797911782,147.6172262351124,3.2951428571428574,1.4,0.0,1.1672933422132137,12.2,0.0,0.0019856401844237322,yes,yes
S2_B3_a00_b12_s04_t06,S2,B3,0.0,12,4,6,3.0,1,0.1,403.85,1.0,0.0,360.0,22.0,19.941646414164275,88.11913401111767,160.53399333297898,4.297357142857143,1.4,0.0,2.3315835330239727,12.2,0.0,-0.00035753700488368824,yes,no
S2_B3_a00_b12_s06_t06,S2,B3,0.0,12,6,6,3.0,1,0.1,402.65,1.0,0.0,360.0,22.0,19.941646414164275,100.95031979845507,177.96988521403367,5.75,1.4,0.0,3.4931520749866882,12.2,0.0,-0.00232143852708218,yes,no
S2_B3_a15_b12_s02_t06,S2,B3,15.0,12,2,6,3.0,1,0.1,404.65,1.0,0.0,390.0,22.776075969021825,20.610893635746635,78.41026034251372,148.18218528250253,3.2951428571428574,1.4,0.0,1.199955413186865,12.2,0.0,0.0018099786672032387,yes,no
S2_B3_a15_b12_s04_t06,S2,B3,15.0,12,4,6,3.0,1,0.1,403.65,1.0,0.0,390.0,22.776075969021825,20.610893635746635,88.71044350689762,161.1248093817582,4.297357142857143,1.4,0.0,2.3968126767206774,12.2,0.0,-0.00037103906403042873,yes,no
S2_B3_a15_b12_s06_t06,S2,B3,15.0,12,6,6,3.0,1,0.1,402.54999999999995,1.0,0.0,390.0,22.776075969021825,20.610893635746635,101.56863057121708,178.69498755740852,5.75,1.4,0.0,3.5909050287298925,12.2,0.0,-0.0027676956324883496,yes,no
S2_B3_a30_b12_s02_t06,S2,B3,30.0,12,2,6,3.0,1,0.1,404.6,1.0,0.0,420.0,25.40341184434353,22.876570328376282,80.70027846834626,150.36193646716265,3.2951428571428574,1.4,0.0,1.230391618000286,12.2,0.0,0.0018099786672032387,yes,no
S2_B3_a30_b12_s04_t06,S2,B3,30.0,12,4,6,3.0,1,0.1,403.35,1.0,0.0,420.0,25.40341184434353,22.876570328376282,90.91864836968807,163.3724022381433,4.297357142857143,1.4,0.0,2.457170091482473,12.2,0.0,-0.0007976527083768701,yes,no
S2_B3_a30_b12_s06_t06,S2,B3,30.0,12,6,6,3.0,1,0.1,402.4,1.0,0.0,420.0,25.40341184434353,22.876570328376282,103.50868078640107,180.4144549005236,5.75,1.4,0.0,3.6814511952235867,12.2,0.0,-0.003766816332541379,yes,no
S2_B3_a45_b12_s02_t06,S2,B3,45.0,12,2,6,3.0,1,0.1,404.1,1.0,0.0,450.0,31.112698372208094,27.79995965945801,85.46824568639121,155.63858980790872,3.2951428571428574,1.4,0.0,1.2563717578920581,12.2,0.0,0.0006372609119755777,yes,no
S2_B3_a45_b12_s04_t06,S2,B3,45.0,12,4,6,3.0,1,0.1,402.79999999999995,1.0,0.0,450.0,31.112698372208094,27.79995965945801,95.51868950273685,167.88591458821634,4.297357142857143,1.4,0.0,2.509168780931213,12.2,0.0,-0.0023763112333723764,yes,no
S2_B3_a45_b12_s06_t06,S2,B3,45.0,12,6,6,3.0,1,0.1,401.75,1.0,0.0,450.0,31.112698372208094,27.79995965945801,107.76530424710141,184.51373067974984,5.75,1.4,0.0,3.757407148270996,12.2,0.0,-0.005442878346162854,yes,no
S2_B4_a00_b12_s02_t06,S2,B4,0.0,12,2,6,7.0,1,0.5,404.75,1.0,0.0,360.0,22.0,20.341646414164273,78.21232329786349,148.05487907788972,3.2951428571428574,1.4,0.0,1.1672933422132137,12.2,0.0,0.0019856401844237322,yes,no
S2_B4_a00_b12_s04_t06,S2,B4,0.0,12,4,6,7.0,1,0.5,403.85,1.0,0.0,360.0,22.0,20.341646414164273,88.52255263545061,161.07615990145518,4.297357142857143,1.4,0.0,2.3315835330239727,12.2,0.0,-0.00035753700488368824,yes,no
S2_B4_a00_b12_s06_t06,S2,B4,0.0,12,6,6,7.0,1,0.5,402.6,1.0,0.0,360.0,22.0,20.341646414164273,101.36687469609414,178.5534172223014,5.75,1.4,0.0,3.4931520749866882,12.2,0.0,-0.002456351218201504,yes,no
S2_B4_a15_b12_s02_t06,S2,B4,15.0,12,2,6,7.0,1,0.5,404.65,1.0,0.0,390.0,22.776075969021825,21.010893635746633,78.81368498324282,148.52317679736984,3.2951428571428574,1.4,0.0,1.199955413186865,12.2,0.0,0.0018099786672032387,yes,no
S2_B4_a15_b12_s04_t06,S2,B4,15.0,12,4,6,7.0,1,0.5,403.5,1.0,0.0,390.0,22.776075969021825,21.010893635746633,89.16547822150996,161.5573733795178,4.297357142857143,1.4,0.0,2.3968126767206774,12.2,0.0,-0.0007976527083768701,yes,no
S2_B4_a15_b12_s06_t06,S2,B4,15.0,12,6,6,7.0,1,0.5,402.55,1.0,0.0,390.0,22.776075969021825,21.010893635746633,101.8838147558801,178.6475983862338,5.75,1.4,0.0,3.590373312966121,12.2,0.0,-0.0030585702976115023,yes,no
S2_B4_a30_b12_s02_t06,S2,B4,30.0,12,2,6,7.0,1,0.5,404.54999999999995,1.0,0.0,420.0,25.40341184434353,23.27657032837628,81.0382047208943,150.78153620702594,3.2951428571428574,1.4,0.0,1.230391618000286,12.2,0.0,0.0015149673905260753,yes,no
S2_B4_a30_b12_s04_t06,S2,B4,30.0,12,4,6,7.0,1,0.5,403.35,1.0,0.0,420.0,25.40341184434353,23.27657032837628,91.3148845750483,163.79587296229604,4.297357142857143,1.4,0.0,2.457170091482473,12.2,0.0,-0.0007976527083768701,yes,no
S2_B4_a30_b12_s06_t06,S2,B4,30.0,12,6,6,7.0,1,0.5,402.4,1.0,0.0,420.0,25.40341184434353,23.27657032837628,103.89832993880563,180.77379971691127,5.75,1.4,0.0,3.681024724635351,12.2,0.0,-0.003766816332541379,yes,no
S2_B4_a45_b12_s02_t06,S2,B4,45.0,12,2,6,7.0,1,0.5,404.0,1.0,0.0,450.0,31.112698372208094,28.19995965945801,85.89628907994995,156.0050872548506,3.2951428571428574,1.4,0.0,1.2563717578920581,12.2,0.0,0.0002820334454290735,yes,no
S2_B4_a45_b12_s04_t06,S2,B4,45.0,12,4,6,7.0,1,0.5,402.79999999999995,1.0,0.0,450.0,31.112698372208094,28.19995965945801,95.90370162701026,168.34547688432104,4.297357142857143,1.4,0.0,2.509029495570613,12.2,0.0,-0.0023763112333723764,yes,no
S2_B4_a45_b12_s06_t06,S2,B4,45.0,12,6,6,7.0,1,0.5,401.75,1.0,0.0,450.0,31.112698372208094,28.19995965945801,108.12870351815545,185.025057642218,5.75,1.4,0.0,3.757407148270996,12.2,0.0,-0.005442878346162854,yes,no
S3_B1_a00_b08_s04_t02,S3,B1,0.0,8,4,2,10.0,2,1.5,404.29999999999995,1.0,0.0,360.0,22.0,21.341646414164273,80.41735024818051,161.32761816781175,11.75,1.4,0.0,2.90014352079939,12.2,0.0,0.001780569542882336,yes,no
S3_B1_a00_b08_s04_t06,S3,B1,0.0,8,4,6,10.0,2,1.5,405.4,1.0,0.0,360.0,22.0,21.341646414164273,73.07394021752496,148.7294798460169,8.607142857142858,1.4,0.0,2.0050727115468265,12.2,0.0,0.003720911870219581,yes,no
S3_B1_a00_b08_s04_t10,S3,B1,0.0,8,4,10,10.0,2,1.5,405.45,1.0,0.0,360.0,22.0,21.341646414164273,72.77198941939345,145.91806187890006,6.892857142857142,1.4,0.0,1.5623039563222485,12.2,0.0,0.004001559132518493,yes,no
S3_B1_a00_b12_s04_t02,S3,B1,0.0,12,4,2,10.0,2,1.5,404.5,1.0,0.0,360.0,22.0,21.341646414164273,79.21086908433765,165.25929567790416,11.285714285714286,1.4,0.0,3.5847299025412998,12.2,0.0,0.002183216891220815,yes,no
S3_B1_a00_b12_s04_t06,S3,B1,0.0,12,4,6,10.0,2,1.5,405.65,1.0,0.0,360.0,22.0,21.341646414164273,73.11292145456855,151.7961258981708,8.75,1.4,0.0,2.4112866805102207,12.2,0.0,0.004295140611814533,yes,no
S3_B1_a00_b12_s04_t10,S3,B1,0.0,12,4,10,10.0,2,1.5,405.5,1.0,0.0,360.0,22.0,21.341646414164273,72.85982418117823,146.89672560858978,6.857142857142858,1.4,0.0,1.7960309934233414,12.2,0.0,0.004001559132518493,yes,no
S3_B1_a00_b16_s04_t02,S3,B1,0.0,16,4,2,10.0,2,1.5,404.75,1.0,0.0,360.0,22.0,21.341646414164273,79.2537386943225,167.5935214961034,10.892857142857142,1.4,0.0,3.9839089066933306,12.2,0.0,0.0034553410788100516,yes,no
S3_B1_a00_b16_s04_t06,S3,B1,0.0,16,4,6,10.0,2,1.5,405.7,1.0,0.0,360.0,22.0,21.341646414164273,72.74525827553644,153.06581025811843,8.75,1.4,0.0,2.6130499891195655,12.2,0.0,0.004001559132518493,yes,no
S3_B1_a00_b16_s04_t10,S3,B1,0.0,16,4,10,10.0,2,1.5,405.5,1.0,0.0,360.0,22.0,21.341646414164273,72.80119204852545,149.21410672292967,6.7857142857142865,1.4,0.0,1.8824856386843887,12.2,0.0,0.004001559132518493,yes,no
S3_B1_a15_b08_s04_t02,S3,B1,15.0,8,4,2,10.0,2,1.5,404.15,1.0,0.0,390.0,22.776075969021825,22.010893635746633,81.81508800349845,162.9408798739305,11.928571428571429,1.4,0.0,3.0242445911220663,12.2,0.0,0.001725710831909417,yes,no
S3_B1_a15_b08_s04_t06,S3,B1,15.0,8,4,6,10.0,2,1.5,405.45000000000005,1.0,0.0,390.0,22.776075969021825,22.010893635746633,73.58838757221027,148.7215147517703,8.714285714285715,1.4,0.0,2.0747911697007924,12.2,0.0,0.004276142794635722,yes,no
S3_B1_a15_b08_s04_t10,S3,B1,15.0,8,4,10,10.0,2,1.5,405.35,1.0,0.0,390.0,22.776075969021825,22.010893635746633,73.43218398407416,146.85174203863593,6.857142857142858,1.4,0.0,1.613680840537931,12.2,0.0,0.004276142794635722,yes,no
S3_B1_a15_b12_s04_t02,S3,B1,15.0,12,4,2,10.0,2,1.5,404.4,1.0,0.0,390.0,22.776075969021825,22.010893635746633,80.67663132135661,167.7621587198218,11.285714285714286,1.4,0.0,3.748767537243854,12.2,0.0,0.0024064152174164237,yes,no
S3_B1_a15_b12_s04_t06,S3,B1,15.0,12,4,6,10.0,2,1.5,405.5,1.0,0.0,390.0,22.776075969021825,22.010893635746633,73.73630435546093,152.73407809852142,8.75,1.4,0.0,2.4737632596687935,12.2,0.0,0.0045610015201851106,yes,no
S3_B1_a15_b12_s04_t10,S3,B1,15.0,12,4,10,10.0,2,1.5,405.4,1.0,0.0,390.0,22.776075969021825,22.010893635746633,73.49630196005396,147.5480376721567,6.7857142857142865,1.4,0.0,1.8569238875203031,12.2,0.0,0.004276142794635722,yes,no
S3_B1_a15_b16_s04_t02,S3,B1,15.0,16,4,2,10.0,2,1.5,404.65,1.0,0.0,390.0,22.776075969021825,22.010893635746633,80.89830561617951,171.98386566510808,11.25,1.4,0.0,4.168980945953048,12.2,0.0,0.0030862421751344043,yes,no
S3_B1_a15_b16_s04_t06,S3,B1,15.0,16,4,6,10.0,2,1.5,405.65,1.0,0.0,390.0,22.776075969021825,22.010893635746633,73.60601775098071,153.97107777185562,8.785714285714286,1.4,0.0,2.6907107257437977,12.2,0.0,0.004276142794635722,yes,no
S3_B1_a15_b16_s04_t10,S3,B1,15.0,16,4,10,10.0,2,1.5,405.45000000000005,1.0,0.0,390.0,22.776075969021825,22.010893635746633,73.46933394078684,150.2147815093935,6.750000000000001,1.4,0.0,1.940837518814188,12.2,0.0,0.004276142794635722,yes,no
S3_B1_a30_b08_s04_t02,S3,B1,30.0,8,4,2,10.0,2,1.5,403.25,1.0,0.0,420.0,25.40341184434353,24.27657032837628,86.29453330240226,169.32416141971038,12.035714285714286,1.4,0.0,3.2350676726547007,12.2,0.0,-0.0010105306195185026,yes,no
S3_B1_a30_b08_s04_t06,S3,B1,30.0,8,4,6,10.0,2,1.5,405.3,1.0,0.0,420.0,25.40341184434353,24.27657032837628,76.00139216579782,150.69873717136798,8.785714285714286,1.4,0.0,2.1781286491938348,12.2,0.0,0.004035025455947024,yes,no
S3_B1_a30_b08_s04_t10,S3,B1,30.0,8,4,10,10.0,2,1.5,405.4,1.0,0.0,420.0,25.40341184434353,24.27657032837628,75.77221543496731,149.7177359420184,7.107142857142858,1.4,0.0,1.6804758195988487,12.2,0.0,0.004519430222167381,yes,no
S3_B1_a30_b12_s04_t02,S3,B1,30.0,12,4,2,10.0,2,1.5,403.6,1.0,0.0,420.0,25.40341184434353,24.27657032837628,85.1360299994546,172.45518147130394,11.321428571428573,1.4,0.0,4.04005775767365,12.2,0.0,-0.0005937129595198872,yes,no
S3_B1_a30_b12_s04_t06,S3,B1,30.0,12,4,6,10.0,2,1.5,405.1,1.0,0.0,420.0,25.40341184434353,24.27657032837628,76.46240707981126,155.84783654401753,9.0,1.4,0.0,2.6490607712198333,12.2,0.0,0.004035025455947024,yes,no
S3_B1_a30_b12_s04_t10,S3,B1,30.0,12,4,10,10.0,2,1.5,405.0,1.0,0.0,420.0,25.40341184434353,24.27657032837628,75.7650467062712,151.61337256933035,6.892857142857142,1.4,0.0,1.9444885052295786,12.2,0.0,0.004519430222167381,yes,no
S3_B1_a30_b16_s04_t02,S3,B1,30.0,16,4,2,10.0,2,1.5,403.95000000000005,1.0,0.0,420.0,25.40341184434353,24.27657032837628,85.08894935152816,176.33594798360457,11.357142857142858,1.4,0.0,4.499768332444321,12.2,0.0,0.0010843498438597643,yes,no
S3_B1_a30_b16_s04_t06,S3,B1,30.0,16,4,6,10.0,2,1.5,405.1,1.0,0.0,420.0,25.40341184434353,24.27657032837628,76.21352744857842,156.68456739869384,8.857142857142858,1.4,0.0,2.8450305269512945,12.2,0.0,0.004035025455947024,yes,no
S3_B1_a30_b16_s04_t10,S3,B1,30.0,16,4,10,10.0,2,1.5,405.1,1.0,0.0,420.0,25.40341184434353,24.27657032837628,75.93331667789076,153.0731428503861,6.892857142857142,1.4,0.0,2.0691690943823873,12.2,0.0,0.004519430222167381,yes,no
S3_B1_a45_b08_s04_t02,S3,B1,45.0,8,4,2,10.0,2,1.5,401.85,1.0,0.0,450.0,31.112698372208094,29.19995965945801,98.76285520731335,183.04794945799352,12.642857142857142,1.4,0.0,3.6765512788923087,12.2,0.0,-0.005732012559981287,yes,no
S3_B1_a45_b08_s04_t06,S3,B1,45.0,8,4,6,10.0,2,1.5,404.54999999999995,1.0,0.0,450.0,31.112698372208094,29.19995965945801,81.01741162567686,157.08534925332273,9.285714285714286,1.4,0.0,2.332584710467308,12.2,0.0,0.0030716300249135223,yes,no
S3_B1_a45_b08_s04_t10,S3,B1,45.0,8,4,10,10.0,2,1.5,404.55,1.0,0.0,450.0,31.112698372208094,29.19995965945801,80.80708519453586,153.99699070685833,7.5,1.4,0.0,1.7918215254613048,12.2,0.0,0.002911423848637338,yes,no
S3_B1_a45_b12_s04_t02,S3,B1,45.0,12,4,2,10.0,2,1.5,402.0,1.0,0.0,450.0,31.112698372208094,29.19995965945801,96.8166515634027,187.42958316628454,12.035714285714286,1.4,0.0,4.5901603171666405,12.2,0.0,-0.0053884543240698074,yes,no
S3_B1_a45_b12_s04_t06,S3,B1,45.0,12,4,6,10.0,2,1.5,404.75,1.0,0.0,450.0,31.112698372208094,29.19995965945801,81.16107443715066,161.14463403674773,9.357142857142858,1.4,0.0,2.8089521357222274,12.2,0.0,0.0030716300249135223,yes,no
S3_B1_a45_b12_s04_t10,S3,B1,45.0,12,4,10,10.0,2,1.5,404.6,1.0,0.0,450.0,31.112698372208094,29.19995965945801,80.73724282837175,156.73895097134678,7.25,1.4,0.0,2.077419495343732,12.2,0.0,0.002911423848637338,yes,no
S3_B1_a45_b16_s04_t02,S3,B1,45.0,16,4,2,10.0,2,1.5,401.9,1.0,0.0,450.0,31.112698372208094,29.19995965945801,96.22712266731833,189.26476509560658,12.142857142857142,1.4,0.0,5.176270373194079,12.2,0.0,-0.004334128960586209,yes,no
S3_B1_a45_b16_s04_t06,S3,B1,45.0,16,4,6,10.0,2,1.5,404.70000000000005,1.0,0.0,450.0,31.112698372208094,29.19995965945801,81.20428633625664,162.16038941915065,9.321428571428573,1.4,0.0,3.0555128990269713,12.2,0.0,0.00301553453222433,yes,no
S3_B1_a45_b16_s04_t10,S3,B1,45.0,16,4,10,10.0,2,1.5,404.75,1.0,0.0,450.0,31.112698372208094,29.19995965945801,80.76879932802117,158.20904942861927,7.321428571428572,1.4,0.0,2.2126323910997936,12.2,0.0,0.002911423848637338,yes,no
S3_B2_a00_b08_s04_t02,S3,B2,0.0,8,4,2,9.0,0,0.35,404.55,1.0,0.0,360.0,22.0,20.191646414164275,77.38691877066486,157.39246114380785,11.642857142857144,1.4,0.0,2.8364449230092736,12.2,0.0,0.0024930247092265867,yes,no
S3_B2_a00_b08_s04_t06,S3,B2,0.0,8,4,6,9.0,0,0.35,405.85,1.0,0.0,360.0,22.0,20.191646414164275,71.80325685201186,147.15887643439024,8.5,1.4,0.0,1.994589501362897,12.2,0.0,0.005341713086958438,yes,no
S3_B2_a00_b08_s04_t10,S3,B2,0.0,8,4,10,9.0,0,0.35,405.85,1.0,0.0,360.0,22.0,20.191646414164275,71.74356758756201,144.19946996611174,6.714285714285715,1.4,0.0,1.555028754178109,12.2,0.0,0.005701257291101691,yes,no
S3_B2_a00_b12_s04_t02,S3,B2,0.0,12,4,2,9.0,0,0.35,404.8,1.0,0.0,360.0,22.0,20.191646414164275,76.77765459303683,162.9978836250276,11.25,1.4,0.0,3.51003600656511,12.2,0.0,0.0015205928362602684,yes,no
S3_B2_a00_b12_s04_t06,S3,B2,0.0,12,4,6,9.0,0,0.35,406.0,1.0,0.0,360.0,22.0,20.191646414164275,71.91666449910062,150.17119313151105,8.785714285714286,1.4,0.0,2.384274193528381,12.2,0.0,0.005701257291101691,yes,no
S3_B2_a00_b12_s04_t10,S3,B2,0.0,12,4,10,9.0,0,0.35,405.95,1.0,0.0,360.0,22.0,20.191646414164275,71.76609813327156,146.351346384338,6.571428571428571,1.4,0.0,1.7799582780640906,12.2,0.0,0.005701257291101691,yes,yes
S3_B2_a00_b16_s04_t02,S3,B2,0.0,16,4,2,9.0,0,0.35,405.20000000000005,1.0,0.0,360.0,22.0,20.191646414164275,76.97129708665096,166.36731251935782,11.142857142857144,1.4,0.0,3.9183945098986586,12.2,0.0,0.0041108868448246965,yes,no
S3_B2_a00_b16_s04_t06,S3,B2,0.0,16,4,6,9.0,0,0.35,406.2,1.0,0.0,360.0,22.0,20.191646414164275,71.5909158330584,151.25139267010917,8.642857142857144,1.4,0.0,2.5810477257725988,12.2,0.0,0.005341713086958438,yes,yes
S3_B2_a00_b16_s04_t10,S3,B2,0.0,16,4,10,9.0,0,0.35,405.8,1.0,0.0,360.0,22.0,20.191646414164275,71.76183446243411,147.4118723232911,6.607142857142858,1.4,0.0,1.877106153317449,12.2,0.0,0.005701257291101691,yes,no
S3_B2_a15_b08_s04_t02,S3,B2,15.0,8,4,2,9.0,0,0.35,404.45,1.0,0.0,390.0,22.776075969021825,20.860893635746635,78.65334609970299,158.4663531072535,11.821428571428573,1.4,0.0,2.950598573998965,12.2,0.0,0.0021764182737701917,yes,no
S3_B2_a15_b08_s04_t06,S3,B2,15.0,8,4,6,9.0,0,0.35,405.54999999999995,1.0,0.0,390.0,22.776075969021825,20.860893635746635,72.5142443241416,147.6639162595879,8.642857142857142,1.4,0.0,2.057251880445545,12.2,0.0,0.004001559132518493,yes,no
S3_B2_a15_b08_s04_t10,S3,B2,15.0,8,4,10,9.0,0,0.35,405.5,1.0,0.0,390.0,22.776075969021825,20.860893635746635,72.34035233130491,144.83444923468983,7.0357142857142865,1.4,0.0,1.6028399002471705,12.2,0.0,0.004295140611814533,yes,no
S3_B2_a15_b12_s04_t02,S3,B2,15.0,12,4,2,9.0,0,0.35,404.55,1.0,0.0,390.0,22.776075969021825,20.860893635746635,77.90981349471105,163.38429518887304,11.107142857142858,1.4,0.0,3.636496064996404,12.2,0.0,0.002508926421995685,yes,no
S3_B2_a15_b12_s04_t06,S3,B2,15.0,12,4,6,9.0,0,0.35,405.75,1.0,0.0,390.0,22.776075969021825,20.860893635746635,72.62439605680919,151.32480656140825,8.928571428571429,1.4,0.0,2.475516125723926,12.2,0.0,0.0046020713722834915,yes,no
S3_B2_a15_b12_s04_t10,S3,B2,15.0,12,4,10,9.0,0,0.35,405.6,1.0,0.0,390.0,22.776075969021825,20.860893635746635,72.38605464350276,146.41660606955213,6.821428571428572,1.4,0.0,1.828434896567405,12.2,0.0,0.004295140611814533,yes,no
S3_B2_a15_b16_s04_t02,S3,B2,15.0,16,4,2,9.0,0,0.35,404.9,1.0,0.0,390.0,22.776075969021825,20.860893635746635,77.66075602752771,164.56412098928223,10.964285714285715,1.4,0.0,4.053668944534887,12.2,0.0,0.002994051955349958,yes,no
S3_B2_a15_b16_s04_t06,S3,B2,15.0,16,4,6,9.0,0,0.35,405.8,1.0,0.0,390.0,22.776075969021825,20.860893635746635,72.39578453554131,152.8545059468754,8.821428571428573,1.4,0.0,2.695615953773177,12.2,0.0,0.004295140611814533,yes,no
S3_B2_a15_b16_s04_t10,S3,B2,15.0,16,4,10,9.0,0,0.35,405.45,1.0,0.0,390.0,22.776075969021825,20.860893635746635,72.35101733411608,147.80055424125584,6.928571428571429,1.4,0.0,1.9385077006534166,12.2,0.0,0.004295140611814533,yes,no
S3_B2_a30_b08_s04_t02,S3,B2,30.0,8,4,2,9.0,0,0.35,403.9,1.0,0.0,420.0,25.40341184434353,23.126570328376282,84.03880185600005,165.6320559681739,11.821428571428573,1.4,0.0,3.1744434936111587,12.2,0.0,0.0007681224430617,yes,no
S3_B2_a30_b08_s04_t06,S3,B2,30.0,8,4,6,9.0,0,0.35,405.4,1.0,0.0,420.0,25.40341184434353,23.126570328376282,74.74840745313402,149.43337441094775,8.821428571428573,1.4,0.0,2.1541233732686376,12.2,0.0,0.004006808399934228,yes,no
S3_B2_a30_b08_s04_t10,S3,B2,30.0,8,4,10,9.0,0,0.35,405.25,1.0,0.0,420.0,25.40341184434353,23.126570328376282,74.69564526993443,148.3847411168612,7.107142857142858,1.4,0.0,1.6779430729208864,12.2,0.0,0.003857608238558812,yes,no
S3_B2_a30_b12_s04_t02,S3,B2,30.0,12,4,2,9.0,0,0.35,404.0,1.0,0.0,420.0,25.40341184434353,23.126570328376282,82.71504989125262,169.48126602331482,11.321428571428573,1.4,0.0,3.928334692239964,12.2,0.0,0.0006881241470427597,yes,no
S3_B2_a30_b12_s04_t06,S3,B2,30.0,12,4,6,9.0,0,0.35,405.4,1.0,0.0,420.0,25.40341184434353,23.126570328376282,75.10540908924591,154.4678934933999,8.714285714285715,1.4,0.0,2.5906692856946028,12.2,0.0,0.004276142794635722,yes,no
S3_B2_a30_b12_s04_t10,S3,B2,30.0,12,4,10,9.0,0,0.35,405.15,1.0,0.0,420.0,25.40341184434353,23.126570328376282,74.51225447516781,148.99216422432264,6.857142857142858,1.4,0.0,1.9184404888232893,12.2,0.0,0.003857608238558812,yes,no
S3_B2_a30_b16_s04_t02,S3,B2,30.0,16,4,2,9.0,0,0.35,403.85,1.0,0.0,420.0,25.40341184434353,23.126570328376282,83.64704997125291,176.52721175568686,11.107142857142858,1.4,0.0,4.388119352722391,12.2,0.0,0.0005584057510778966,yes,no
S3_B2_a30_b16_s04_t06,S3,B2,30.0,16,4,6,9.0,0,0.35,405.45,1.0,0.0,420.0,25.40341184434353,23.126570328376282,75.03928659470313,155.16979740079972,8.714285714285715,1.4,0.0,2.803529940065083,12.2,0.0,0.004006808399934228,yes,no
S3_B2_a30_b16_s04_t10,S3,B2,30.0,16,4,10,9.0,0,0.35,405.4,1.0,0.0,420.0,25.40341184434353,23.126570328376282,74.65941889816236,150.8995219503806,7.0,1.4,0.0,2.030529667092941,12.2,0.0,0.003857608238558812,yes,no
S3_B2_a45_b08_s04_t02,S3,B2,45.0,8,4,2,9.0,0,0.35,402.15,1.0,0.0,450.0,31.112698372208094,28.04995965945801,96.00676951539583,180.73681648629903,12.392857142857142,1.4,0.0,3.5924143451082955,12.2,0.0,-0.004653480398829027,yes,no
S3_B2_a45_b08_s04_t06,S3,B2,45.0,8,4,6,9.0,0,0.35,404.6,1.0,0.0,450.0,31.112698372208094,28.04995965945801,79.88486820373402,155.2633321180574,9.142857142857144,1.4,0.0,2.305265240377443,12.2,0.0,0.0032599361914755804,yes,no
S3_B2_a45_b08_s04_t10,S3,B2,45.0,8,4,10,9.0,0,0.35,404.55,1.0,0.0,450.0,31.112698372208094,28.04995965945801,79.72073872371178,153.12238256227118,7.428571428571429,1.4,0.0,1.7779718389260306,12.2,0.0,0.0025846696072546428,yes,no
S3_B2_a45_b12_s04_t02,S3,B2,45.0,12,4,2,9.0,0,0.35,402.7,1.0,0.0,450.0,31.112698372208094,28.04995965945801,93.42655052056816,184.40937596660604,11.642857142857144,1.4,0.0,4.476723666414948,12.2,0.0,-0.0038327942961117155,yes,no
S3_B2_a45_b12_s04_t06,S3,B2,45.0,12,4,6,9.0,0,0.35,404.85,1.0,0.0,450.0,31.112698372208094,28.04995965945801,79.8333790192495,159.94358557125418,9.107142857142858,1.4,0.0,2.791558136187116,12.2,0.0,0.0032599361914755804,yes,no
S3_B2_a45_b12_s04_t10,S3,B2,45.0,12,4,10,9.0,0,0.35,404.7,1.0,0.0,450.0,31.112698372208094,28.04995965945801,79.7053487579484,155.9468074932882,7.0357142857142865,1.4,0.0,2.0576808460596827,12.2,0.0,0.0025846696072546428,yes,no
S3_B2_a45_b16_s04_t02,S3,B2,45.0,16,4,2,9.0,0,0.35,402.55,1.0,0.0,450.0,31.112698372208094,28.04995965945801,92.90043749922233,185.6246304315145,11.392857142857142,1.4,0.0,5.004535459000722,12.2,0.0,-0.0029567508837691553,yes,no
S3_B2_a45_b16_s04_t06,S3,B2,45.0,16,4,6,9.0,0,0.35,404.8,1.0,0.0,450.0,31.112698372208094,28.04995965945801,79.70095217856596,160.22826720862415,9.107142857142858,1.4,0.0,3.003830204339145,12.2,0.0,0.0036332506547957204,yes,no
S3_B2_a45_b16_s04_t10,S3,B2,45.0,16,4,10,9.0,0,0.35,404.7,1.0,0.0,450.0,31.112698372208094,28.04995965945801,79.63400067926568,156.2580847268265,7.178571428571429,1.4,0.0,2.1950666476647873,12.2,0.0,0.0025846696072546428,yes,no
S3_B3_a00_b08_s04_t02,S3,B3,0.0,8,4,2,3.0,1,0.1,404.9,1.0,0.0,360.0,22.0,19.941646414164275,76.54328581855319,155.82444307045188,11.428571428571429,1.4,0.0,2.8174342900123865,12.2,0.0,0.0023617980603451464,yes,no
S3_B3_a00_b08_s04_t06,S3,B3,0.0,8,4,6,3.0,1,0.1,405.79999999999995,1.0,0.0,360.0,22.0,19.941646414164275,71.54330520021387,146.44935992761717,8.5,1.4,0.0,1.9836805996878872,12.2,0.0,0.005341713086958438,yes,no
S3_B3_a00_b08_s04_t10,S3,B3,0.0,8,4,10,3.0,1,0.1,405.9,1.0,0.0,360.0,22.0,19.941646414164275,71.43881340459615,143.71809331428932,6.714285714285715,1.4,0.0,1.5506319496722674,12.2,0.0,0.005701257291101691,yes,yes
S3_B3_a00_b12_s04_t02,S3,B3,0.0,12,4,2,3.0,1,0.1,404.85,1.0,0.0,360.0,22.0,19.941646414164275,76.35146301509702,162.72944351084718,11.17857142857143,1.4,0.0,3.4825220446479426,12.2,0.0,0.002203698336026606,yes,no
S3_B3_a00_b12_s04_t06,S3,B3,0.0,12,4,6,3.0,1,0.1,405.95,1.0,0.0,360.0,22.0,19.941646414164275,71.66648497543926,150.04744377706373,8.75,1.4,0.0,2.375160836881035,12.2,0.0,0.005701257291101691,yes,no
S3_B3_a00_b12_s04_t10,S3,B3,0.0,12,4,10,3.0,1,0.1,406.05,1.0,0.0,360.0,22.0,19.941646414164275,71.4877865633639,145.94537061362342,6.607142857142858,1.4,0.0,1.7714283344542636,12.2,0.0,0.005701257291101691,yes,yes
S3_B3_a00_b16_s04_t02,S3,B3,0.0,16,4,2,3.0,1,0.1,405.25,1.0,0.0,360.0,22.0,19.941646414164275,76.3064651899627,164.7862056722016,11.178571428571429,1.4,0.0,3.87978362110469,12.2,0.0,0.004295140611814533,yes,no
S3_B3_a00_b16_s04_t06,S3,B3,0.0,16,4,6,3.0,1,0.1,406.04999999999995,1.0,0.0,360.0,22.0,19.941646414164275,71.34911011143164,151.2090109784413,8.607142857142858,1.4,0.0,2.57428412330277,12.2,0.0,0.005341713086958438,yes,yes
S3_B3_a00_b16_s04_t10,S3,B3,0.0,16,4,10,3.0,1,0.1,405.85,1.0,0.0,360.0,22.0,19.941646414164275,71.48497870171677,147.08193141736757,6.642857142857142,1.4,0.0,1.8777772179442012,12.2,0.0,0.005701257291101691,yes,yes
S3_B3_a15_b08_s04_t02,S3,B3,15.0,8,4,2,3.0,1,0.1,404.54999999999995,1.0,0.0,390.0,22.776075969021825,20.610893635746635,78.13495413930818,157.61564327337535,11.607142857142858,1.4,0.0,2.932491784251962,12.2,0.0,0.0021764182737701917,yes,no
S3_B3_a15_b08_s04_t06,S3,B3,15.0,8,4,6,3.0,1,0.1,405.6,1.0,0.0,390.0,22.776075969021825,20.610893635746635,72.25549449831485,147.45384950852963,8.535714285714285,1.4,0.0,2.0537779815838775,12.2,0.0,0.004295140611814533,yes,no
S3_B3_a15_b08_s04_t10,S3,B3,15.0,8,4,10,3.0,1,0.1,405.55,1.0,0.0,390.0,22.776075969021825,20.610893635746635,72.09750632753813,144.81250964081715,6.892857142857143,1.4,0.0,1.6001857490237534,12.2,0.0,0.004295140611814533,yes,no
S3_B3_a15_b12_s04_t02,S3,B3,15.0,12,4,2,3.0,1,0.1,404.5,1.0,0.0,390.0,22.776075969021825,20.610893635746635,77.76275755421881,163.9627420471684,11.285714285714286,1.4,0.0,3.628625597266496,12.2,0.0,0.0017448219776559878,yes,no
S3_B3_a15_b12_s04_t06,S3,B3,15.0,12,4,6,3.0,1,0.1,405.75,1.0,0.0,390.0,22.776075969021825,20.610893635746635,72.36544189268932,151.16606769954308,8.857142857142858,1.4,0.0,2.4676427697471994,12.2,0.0,0.0046020713722834915,yes,no
S3_B3_a15_b12_s04_t10,S3,B3,15.0,12,4,10,3.0,1,0.1,405.65,1.0,0.0,390.0,22.776075969021825,20.610893635746635,72.16768106362552,146.29309463998152,6.750000000000001,1.4,0.0,1.8236468457010653,12.2,0.0,0.004295140611814533,yes,no
S3_B3_a15_b16_s04_t02,S3,B3,15.0,16,4,2,3.0,1,0.1,405.15,1.0,0.0,390.0,22.776075969021825,20.610893635746635,77.65619418529312,166.20367893459772,11.107142857142858,1.4,0.0,4.037774316337302,12.2,0.0,0.003720911870219581,yes,no
S3_B3_a15_b16_s04_t06,S3,B3,15.0,16,4,6,3.0,1,0.1,405.8,1.0,0.0,390.0,22.776075969021825,20.610893635746635,72.15263583686514,152.68027930822112,8.75,1.4,0.0,2.6885765904103645,12.2,0.0,0.004295140611814533,yes,no
S3_B3_a15_b16_s04_t10,S3,B3,15.0,16,4,10,3.0,1,0.1,405.45,1.0,0.0,390.0,22.776075969021825,20.610893635746635,72.13416944769415,147.6424480140987,6.857142857142858,1.4,0.0,1.9338338128623984,12.2,0.0,0.004295140611814533,yes,no
S3_B3_a30_b08_s04_t02,S3,B3,30.0,8,4,2,3.0,1,0.1,404.05,1.0,0.0,420.0,25.40341184434353,22.876570328376282,83.16406062205913,165.0045492931685,11.785714285714286,1.4,0.0,3.155104823028643,12.2,0.0,0.0010334651335007,yes,no
S3_B3_a30_b08_s04_t06,S3,B3,30.0,8,4,6,3.0,1,0.1,405.35,1.0,0.0,420.0,25.40341184434353,22.876570328376282,74.57797847120335,149.6172899979262,8.928571428571429,1.4,0.0,2.1478014904520335,12.2,0.0,0.004006808399934228,yes,no
S3_B3_a30_b08_s04_t10,S3,B3,30.0,8,4,10,3.0,1,0.1,405.35,1.0,0.0,420.0,25.40341184434353,22.876570328376282,74.47217793922843,148.27294367223269,7.071428571428571,1.4,0.0,1.6713008729995924,12.2,0.0,0.004276142794635722,yes,no
S3_B3_a30_b12_s04_t02,S3,B3,30.0,12,4,2,3.0,1,0.1,404.25,1.0,0.0,420.0,25.40341184434353,22.876570328376282,82.02880697947222,168.8073716018877,11.42857142857143,1.4,0.0,3.8953794122392393,12.2,0.0,0.001758736959395455,yes,no
S3_B3_a30_b12_s04_t06,S3,B3,30.0,12,4,6,3.0,1,0.1,405.45000000000005,1.0,0.0,420.0,25.40341184434353,22.876570328376282,74.87090021629504,154.47359071876258,8.785714285714286,1.4,0.0,2.584718716779975,12.2,0.0,0.004276142794635722,yes,no
S3_B3_a30_b12_s04_t10,S3,B3,30.0,12,4,10,3.0,1,0.1,405.25,1.0,0.0,420.0,25.40341184434353,22.876570328376282,74.27939323981366,148.3846931836089,6.821428571428571,1.4,0.0,1.9116088949626018,12.2,0.0,0.004276142794635722,yes,no
S3_B3_a30_b16_s04_t02,S3,B3,30.0,16,4,2,3.0,1,0.1,404.05,1.0,0.0,420.0,25.40341184434353,22.876570328376282,82.74470197501088,175.2569004617104,11.214285714285715,1.4,0.0,4.333639865043018,12.2,0.0,0.0010334651335007,yes,no
S3_B3_a30_b16_s04_t06,S3,B3,30.0,16,4,6,3.0,1,0.1,405.54999999999995,1.0,0.0,420.0,25.40341184434353,22.876570328376282,74.76432693784423,155.2123085488225,8.821428571428573,1.4,0.0,2.7928958220836284,12.2,0.0,0.004006808399934228,yes,no
S3_B3_a30_b16_s04_t10,S3,B3,30.0,16,4,10,3.0,1,0.1,405.5,1.0,0.0,420.0,25.40341184434353,22.876570328376282,74.43181702109698,150.4219408013826,6.964285714285715,1.4,0.0,2.02302098989892,12.2,0.0,0.004276142794635722,yes,no
S3_B3_a45_b08_s04_t02,S3,B3,45.0,8,4,2,3.0,1,0.1,402.5,1.0,0.0,450.0,31.112698372208094,27.79995965945801,95.08378257715903,179.0965989768896,12.357142857142858,1.4,0.0,3.576830564245353,12.2,0.0,-0.0037579195856456003,yes,no
S3_B3_a45_b08_s04_t06,S3,B3,45.0,8,4,6,3.0,1,0.1,404.6,1.0,0.0,450.0,31.112698372208094,27.79995965945801,79.56251149831216,154.71027819554666,9.107142857142858,1.4,0.0,2.2974127580759913,12.2,0.0,0.0034347100862092902,yes,no
S3_B3_a45_b08_s04_t10,S3,B3,45.0,8,4,10,3.0,1,0.1,404.6,1.0,0.0,450.0,31.112698372208094,27.79995965945801,79.47900887778096,152.79334926221122,7.464285714285714,1.4,0.0,1.7761385531310379,12.2,0.0,0.0030716300249135223,yes,no
S3_B3_a45_b12_s04_t02,S3,B3,45.0,12,4,2,3.0,1,0.1,403.05,1.0,0.0,450.0,31.112698372208094,27.79995965945801,92.9273611096744,183.32915475284017,11.857142857142858,1.4,0.0,4.455452442709937,12.2,0.0,-0.002139898944633317,yes,no
S3_B3_a45_b12_s04_t06,S3,B3,45.0,12,4,6,3.0,1,0.1,404.9,1.0,0.0,450.0,31.112698372208094,27.79995965945801,79.58600959904591,159.35178261918017,9.142857142857142,1.4,0.0,2.7777571704727793,12.2,0.0,0.0036312420823985474,yes,no
S3_B3_a45_b12_s04_t10,S3,B3,45.0,12,4,10,3.0,1,0.1,404.85,1.0,0.0,450.0,31.112698372208094,27.79995965945801,79.38987571769734,155.57383443741008,7.107142857142858,1.4,0.0,2.059544710880626,12.2,0.0,0.0034347100862092902,yes,no
S3_B3_a45_b16_s04_t02,S3,B3,45.0,16,4,2,3.0,1,0.1,402.6,1.0,0.0,450.0,31.112698372208094,27.79995965945801,92.81123255102293,185.88352434558624,11.785714285714286,1.4,0.0,4.99259022987898,12.2,0.0,-0.002705898709413576,yes,no
S3_B3_a45_b16_s04_t06,S3,B3,45.0,16,4,6,3.0,1,0.1,404.85,1.0,0.0,450.0,31.112698372208094,27.79995965945801,79.50390011979036,160.4738522995519,9.142857142857142,1.4,0.0,2.982986410918899,12.2,0.0,0.0037820500323968256,yes,no
S3_B3_a45_b16_s04_t10,S3,B3,45.0,16,4,10,3.0,1,0.1,404.85,1.0,0.0,450.0,31.112698372208094,27.79995965945801,79.35071199569636,156.29901574219195,7.250000000000001,1.4,0.0,2.1985311013694138,12.2,0.0,0.0034347100862092902,yes,no
S3_B4_a00_b08_s04_t02,S3,B4,0.0,8,4,2,7.0,1,0.5,404.5,1.0,0.0,360.0,22.0,20.341646414164273,77.70999007100289,157.69647693269116,11.67857142857143,1.4,0.0,2.841837832684537,12.2,0.0,0.0024930247092265867,yes,no
S3_B4_a00_b08_s04_t06,S3,B4,0.0,8,4,6,7.0,1,0.5,405.75,1.0,0.0,360.0,22.0,20.341646414164273,71.96820892281082,147.32224065896202,8.5,1.4,0.0,1.9947540173811633,12.2,0.0,0.004997711675414487,yes,no
S3_B4_a00_b08_s04_t10,S3,B4,0.0,8,4,10,7.0,1,0.5,405.79999999999995,1.0,0.0,360.0,22.0,20.341646414164273,71.92810576444109,145.1019259768012,6.714285714285715,1.4,0.0,1.554366624531571,12.2,0.0,0.005341713086958438,yes,no
S3_B4_a00_b12_s04_t02,S3,B4,0.0,12,4,2,7.0,1,0.5,404.6,1.0,0.0,360.0,22.0,20.341646414164273,77.58684184514883,163.7559530261255,11.285714285714286,1.4,0.0,3.5277893905069178,12.2,0.0,0.0015999063653553318,yes,no
S3_B4_a00_b12_s04_t06,S3,B4,0.0,12,4,6,7.0,1,0.5,405.9,1.0,0.0,360.0,22.0,20.341646414164273,72.1431473995702,150.25248306044355,8.785714285714286,1.4,0.0,2.392750398329395,12.2,0.0,0.005341713086958438,yes,no
S3_B4_a00_b12_s04_t10,S3,B4,0.0,12,4,10,7.0,1,0.5,405.9,1.0,0.0,360.0,22.0,20.341646414164273,71.91451334522401,146.07046006497882,6.5357142857142865,1.4,0.0,1.773892952138045,12.2,0.0,0.005341713086958438,yes,yes
S3_B4_a00_b16_s04_t02,S3,B4,0.0,16,4,2,7.0,1,0.5,405.15,1.0,0.0,360.0,22.0,20.341646414164273,77.4920678591631,167.00338600343085,11.17857142857143,1.4,0.0,3.928457458433675,12.2,0.0,0.0041108868448246965,yes,no
S3_B4_a00_b16_s04_t06,S3,B4,0.0,16,4,6,7.0,1,0.5,406.1,1.0,0.0,360.0,22.0,20.341646414164273,71.81540845868594,151.57038487783183,8.642857142857144,1.4,0.0,2.596430758644775,12.2,0.0,0.004997711675414487,yes,no
S3_B4_a00_b16_s04_t10,S3,B4,0.0,16,4,10,7.0,1,0.5,405.75,1.0,0.0,360.0,22.0,20.341646414164273,71.93066477776611,148.32891893971384,6.607142857142858,1.4,0.0,1.874229783914573,12.2,0.0,0.005341713086958438,yes,no
S3_B4_a15_b08_s04_t02,S3,B4,15.0,8,4,2,7.0,1,0.5,404.4,1.0,0.0,390.0,22.776075969021825,21.010893635746633,79.17632169859556,159.15639079985357,11.964285714285715,1.4,0.0,2.9648769085429496,12.2,0.0,0.0019847940252316998,yes,no
S3_B4_a15_b08_s04_t06,S3,B4,15.0,8,4,6,7.0,1,0.5,405.54999999999995,1.0,0.0,390.0,22.776075969021825,21.010893635746633,72.66143386343991,148.1218328996769,8.678571428571429,1.4,0.0,2.0580879041619116,12.2,0.0,0.004001559132518493,yes,no
S3_B4_a15_b08_s04_t10,S3,B4,15.0,8,4,10,7.0,1,0.5,405.5,1.0,0.0,390.0,22.776075969021825,21.010893635746633,72.46279187675498,145.2111343698439,6.964285714285714,1.4,0.0,1.6029444992271231,12.2,0.0,0.004295140611814533,yes,no
S3_B4_a15_b12_s04_t02,S3,B4,15.0,12,4,2,7.0,1,0.5,404.45000000000005,1.0,0.0,390.0,22.776075969021825,21.010893635746633,78.35993604919162,164.1998116007693,11.214285714285715,1.4,0.0,3.6581210488307208,12.2,0.0,0.002183216891220815,yes,no
S3_B4_a15_b12_s04_t06,S3,B4,15.0,12,4,6,7.0,1,0.5,405.75,1.0,0.0,390.0,22.776075969021825,21.010893635746633,72.7255525839158,151.48795902661345,8.892857142857142,1.4,0.0,2.4763631560802764,12.2,0.0,0.0046020713722834915,yes,no
S3_B4_a15_b12_s04_t10,S3,B4,15.0,12,4,10,7.0,1,0.5,405.6,1.0,0.0,390.0,22.776075969021825,21.010893635746633,72.52724460928769,146.58607199354353,6.821428571428572,1.4,0.0,1.8307895523783335,12.2,0.0,0.004295140611814533,yes,no
S3_B4_a15_b16_s04_t02,S3,B4,15.0,16,4,2,7.0,1,0.5,404.95,1.0,0.0,390.0,22.776075969021825,21.010893635746633,78.08203128950252,165.34477167659273,11.0,1.4,0.0,4.077908415294983,12.2,0.0,0.0032206861147945657,yes,no
S3_B4_a15_b16_s04_t06,S3,B4,15.0,16,4,6,7.0,1,0.5,405.8,1.0,0.0,390.0,22.776075969021825,21.010893635746633,72.50138739236183,153.01240203004963,8.785714285714286,1.4,0.0,2.6963026066660714,12.2,0.0,0.004295140611814533,yes,no
S3_B4_a15_b16_s04_t10,S3,B4,15.0,16,4,10,7.0,1,0.5,405.45,1.0,0.0,390.0,22.776075969021825,21.010893635746633,72.50300275444647,148.01226343714436,6.928571428571429,1.4,0.0,1.9457444282521892,12.2,0.0,0.004295140611814533,yes,no
S3_B4_a30_b08_s04_t02,S3,B4,30.0,8,4,2,7.0,1,0.5,403.79999999999995,1.0,0.0,420.0,25.40341184434353,23.27657032837628,84.02869986239436,165.45340326509364,11.857142857142858,1.4,0.0,3.1726553157683703,12.2,0.0,0.0002612973059697816,yes,no
S3_B4_a30_b08_s04_t06,S3,B4,30.0,8,4,6,7.0,1,0.5,405.35,1.0,0.0,420.0,25.40341184434353,23.27657032837628,74.94448192619191,149.75035718995477,8.785714285714286,1.4,0.0,2.1562096818851213,12.2,0.0,0.004006808399934228,yes,no
S3_B4_a30_b08_s04_t10,S3,B4,30.0,8,4,10,7.0,1,0.5,405.3,1.0,0.0,420.0,25.40341184434353,23.27657032837628,74.83575635660367,148.32472278817363,7.142857142857144,1.4,0.0,1.6801493226965807,12.2,0.0,0.004276142794635722,yes,no
S3_B4_a30_b12_s04_t02,S3,B4,30.0,12,4,2,7.0,1,0.5,404.0,1.0,0.0,420.0,25.40341184434353,23.27657032837628,82.99551190935972,170.35295962189332,11.285714285714286,1.4,0.0,3.9353063526403007,12.2,0.0,0.000965257505423732,yes,no
S3_B4_a30_b12_s04_t06,S3,B4,30.0,12,4,6,7.0,1,0.5,405.5,1.0,0.0,420.0,25.40341184434353,23.27657032837628,75.29210854003924,155.09482240240516,8.714285714285715,1.4,0.0,2.600739202051866,12.2,0.0,0.004276142794635722,yes,no
S3_B4_a30_b12_s04_t10,S3,B4,30.0,12,4,10,7.0,1,0.5,405.20000000000005,1.0,0.0,420.0,25.40341184434353,23.27657032837628,74.68483587414858,149.30564567609127,6.892857142857142,1.4,0.0,1.922390309467444,12.2,0.0,0.004276142794635722,yes,no
S3_B4_a30_b16_s04_t02,S3,B4,30.0,16,4,2,7.0,1,0.5,403.9,1.0,0.0,420.0,25.40341184434353,23.27657032837628,83.83538246752667,176.57868500117522,11.107142857142858,1.4,0.0,4.39748408285792,12.2,0.0,0.0005584057510778966,yes,no
S3_B4_a30_b16_s04_t06,S3,B4,30.0,16,4,6,7.0,1,0.5,405.4,1.0,0.0,420.0,25.40341184434353,23.27657032837628,75.20819423657707,155.5235818098481,8.714285714285715,1.4,0.0,2.807916450314413,12.2,0.0,0.003603227568085305,yes,no
S3_B4_a30_b16_s04_t10,S3,B4,30.0,16,4,10,7.0,1,0.5,405.4,1.0,0.0,420.0,25.40341184434353,23.27657032837628,74.83278846367972,151.1792728569841,7.0357142857142865,1.4,0.0,2.0344794877370953,12.2,0.0,0.004276142794635722,yes,no
S3_B4_a45_b08_s04_t02,S3,B4,45.0,8,4,2,7.0,1,0.5,402.15,1.0,0.0,450.0,31.112698372208094,28.19995965945801,96.615315073825,180.82534707987998,12.428571428571429,1.4,0.0,3.6016792820674333,12.2,0.0,-0.004680179707733381,yes,no
S3_B4_a45_b08_s04_t06,S3,B4,45.0,8,4,6,7.0,1,0.5,404.6,1.0,0.0,450.0,31.112698372208094,28.19995965945801,80.08217207181724,155.63094519484542,9.178571428571429,1.4,0.0,2.3100532647702163,12.2,0.0,0.0032599361914755804,yes,no
S3_B4_a45_b08_s04_t10,S3,B4,45.0,8,4,10,7.0,1,0.5,404.55,1.0,0.0,450.0,31.112698372208094,28.19995965945801,79.83080184869192,153.29539968867653,7.428571428571429,1.4,0.0,1.7765211267803314,12.2,0.0,0.0025846696072546428,yes,no
S3_B4_a45_b12_s04_t02,S3,B4,45.0,12,4,2,7.0,1,0.5,402.75,1.0,0.0,450.0,31.112698372208094,28.19995965945801,93.31555621677306,182.81298587715034,11.92857142857143,1.4,0.0,4.4728943289173415,12.2,0.0,-0.003980860501160249,yes,no
S3_B4_a45_b12_s04_t06,S3,B4,45.0,12,4,6,7.0,1,0.5,404.85,1.0,0.0,450.0,31.112698372208094,28.19995965945801,80.04210810865428,160.22665816091256,9.107142857142858,1.4,0.0,2.7971313602201437,12.2,0.0,0.0032599361914755804,yes,no
S3_B4_a45_b12_s04_t10,S3,B4,45.0,12,4,10,7.0,1,0.5,404.7,1.0,0.0,450.0,31.112698372208094,28.19995965945801,79.8493446733539,156.30710840731552,7.107142857142858,1.4,0.0,2.0558724100297905,12.2,0.0,0.0025846696072546428,yes,no
S3_B4_a45_b16_s04_t02,S3,B4,45.0,16,4,2,7.0,1,0.5,402.6,1.0,0.0,450.0,31.112698372208094,28.19995965945801,93.24061438553153,185.41749213868147,11.785714285714286,1.4,0.0,5.027508831500543,12.2,0.0,-0.0035743822855658284,yes,no
S3_B4_a45_b16_s04_t06,S3,B4,45.0,16,4,6,7.0,1,0.5,404.75,1.0,0.0,450.0,31.112698372208094,28.19995965945801,79.9030357406662,160.54547279119808,9.178571428571429,1.4,0.0,3.009246127888775,12.2,0.0,0.0036332506547957204,yes,no
S3_B4_a45_b16_s04_t10,S3,B4,45.0,16,4,10,7.0,1,0.5,404.7,1.0,0.0,450.0,31.112698372208094,28.19995965945801,79.77905678878562,156.62779344406482,7.214285714285715,1.4,0.0,2.195120143961095,12.2,0.0,0.0025846696072546428,yes,no
S4_B1_a00_b08_s04_t06,S4,B1,0.0,8,4,6,10.0,2,1.5,397.29999999999995,1.0,0.0,360.0,22.0,21.341646414164273,125.0544219644049,213.06068443171296,15.107142857142858,1.4,0.0,0.70489715862157,12.2,0.0,-0.021888119811393145,no,no
S4_B1_a00_b12_s04_t06,S4,B1,0.0,12,4,6,10.0,2,1.5,397.29999999999995,1.0,0.0,360.0,22.0,21.341646414164273,125.0544219644049,213.06068443171296,15.107142857142858,1.4,0.0,0.70489715862157,12.2,0.0,-0.021888119811393145,no,no
S4_B1_a00_b16_s04_t06,S4,B1,0.0,16,4,6,10.0,2,1.5,397.29999999999995,1.0,0.0,360.0,22.0,21.341646414164273,125.0544219644049,213.06068443171296,15.107142857142858,1.4,0.0,0.70489715862157,12.2,0.0,-0.021888119811393145,no,no
S4_B1_a15_b08_s04_t06,S4,B1,15.0,8,4,6,10.0,2,1.5,396.55,1.0,0.0,390.0,22.776075969021825,22.010893635746633,129.40752358162018,218.3686089521554,15.428571428571429,1.4,0.0,0.7137919060061468,12.2,0.0,-0.02301776828151135,no,no
S4_B1_a15_b12_s04_t06,S4,B1,15.0,12,4,6,10.0,2,1.5,396.55,1.0,0.0,390.0,22.776075969021825,22.010893635746633,129.40752358162018,218.3686089521554,15.428571428571429,1.4,0.0,0.7137919060061468,12.2,0.0,-0.02301776828151135,no,no
S4_B1_a15_b16_s04_t06,S4,B1,15.0,16,4,6,10.0,2,1.5,396.55,1.0,0.0,390.0,22.776075969021825,22.010893635746633,129.40752358162018,218.3686089521554,15.428571428571429,1.4,0.0,0.7137919060061468,12.2,0.0,-0.02301776828151135,no,no
S4_B1_a30_b08_s04_t06,S4,B1,30.0,8,4,6,10.0,2,1.5,394.35,1.0,0.0,420.0,25.40341184434353,24.27657032837628,148.1331160847811,235.82462677375912,16.214285714285715,1.4,0.0,0.7219001584972398,12.2,0.0,-0.02789135490239487,no,no
S4_B1_a30_b12_s04_t06,S4,B1,30.0,12,4,6,10.0,2,1.5,394.35,1.0,0.0,420.0,25.40341184434353,24.27657032837628,148.1331160847811,235.82462677375912,16.214285714285715,1.4,0.0,0.7219001584972398,12.2,0.0,-0.02789135490239487,no,no
S4_B1_a30_b16_s04_t06,S4,B1,30.0,16,4,6,10.0,2,1.5,394.35,1.0,0.0,420.0,25.40341184434353,24.27657032837628,148.1331160847811,235.82462677375912,16.214285714285715,1.4,0.0,0.7219001584972398,12.2,0.0,-0.02789135490239487,no,no
S4_B1_a45_b08_s04_t06,S4,B1,45.0,8,4,6,10.0,2,1.5,391.25,1.0,0.0,450.0,31.112698372208094,29.19995965945801,178.2457561634796,260.33327641345,17.285714285714285,1.4,0.0,0.7002512648045458,12.2,0.0,-0.03420070331884876,no,no
S4_B1_a45_b12_s04_t06,S4,B1,45.0,12,4,6,10.0,2,1.5,391.25,1.0,0.0,450.0,31.112698372208094,29.19995965945801,178.2457561634796,260.33327641345,17.285714285714285,1.4,0.0,0.7002512648045458,12.2,0.0,-0.03420070331884876,no,no
S4_B1_a45_b16_s04_t06,S4,B1,45.0,16,4,6,10.0,2,1.5,391.25,1.0,0.0,450.0,31.112698372208094,29.19995965945801,178.2457561634796,260.33327641345,17.285714285714285,1.4,0.0,0.7002512648045458,12.2,0.0,-0.03420070331884876,no,no
S4_B2_a00_b08_s04_t06,S4,B2,0.0,8,4,6,9.0,0,0.35,398.4,1.0,0.0,360.0,22.0,20.191646414164275,117.82411662164674,204.7780357226858,15.0,1.4,0.0,0.7151922067162134,12.2,0.0,-0.01750361785378059,yes,no
S4_B2_a00_b12_s04_t06,S4,B2,0.0,12,4,6,9.0,0,0.35,398.4,1.0,0.0,360.0,22.0,20.191646414164275,117.82411662164674,204.7780357226858,15.0,1.4,0.0,0.7151922067162134,12.2,0.0,-0.01750361785378059,yes,no
S4_B2_a00_b16_s04_t06,S4,B2,0.0,16,4,6,9.0,0,0.35,398.4,1.0,0.0,360.0,22.0,20.191646414164275,117.82411662164674,204.7780357226858,15.0,1.4,0.0,0.7151922067162134,12.2,0.0,-0.01750361785378059,yes,no
S4_B2_a15_b08_s04_t06,S4,B2,15.0,8,4,6,9.0,0,0.35,397.9,1.0,0.0,390.0,22.776075969021825,20.860893635746635,121.56968823016032,209.8184127067147,15.0,1.4,0.0,0.7298669486054914,12.2,0.0,-0.019560412351124407,yes,no
S4_B2_a15_b12_s04_t06,S4,B2,15.0,12,4,6,9.0,0,0.35,397.9,1.0,0.0,390.0,22.776075969021825,20.860893635746635,121.56968823016032,209.8184127067147,15.0,1.4,0.0,0.7298669486054914,12.2,0.0,-0.019560412351124407,yes,no
S4_B2_a15_b16_s04_t06,S4,B2,15.0,16,4,6,9.0,0,0.35,397.9,1.0,0.0,390.0,22.776075969021825,20.860893635746635,121.56968823016032,209.8184127067147,15.0,1.4,0.0,0.7298669486054914,12.2,0.0,-0.019560412351124407,yes,no
S4_B2_a30_b08_s04_t06,S4,B2,30.0,8,4,6,9.0,0,0.35,395.3,1.0,0.0,420.0,25.40341184434353,23.126570328376282,139.42337685136528,227.85769211597685,15.857142857142858,1.4,0.0,0.7345673696764163,12.2,0.0,-0.02601187062580674,no,no
S4_B2_a30_b12_s04_t06,S4,B2,30.0,12,4,6,9.0,0,0.35,395.3,1.0,0.0,420.0,25.40341184434353,23.126570328376282,139.42337685136528,227.85769211597685,15.857142857142858,1.4,0.0,0.7345673696764163,12.2,0.0,-0.02601187062580674,no,no
S4_B2_a30_b16_s04_t06,S4,B2,30.0,16,4,6,9.0,0,0.35,395.3,1.0,0.0,420.0,25.40341184434353,23.126570328376282,139.42337685136528,227.85769211597685,15.857142857142858,1.4,0.0,0.7345673696764163,12.2,0.0,-0.02601187062580674,no,no
S4_B2_a45_b08_s04_t06,S4,B2,45.0,8,4,6,9.0,0,0.35,391.75,1.0,0.0,450.0,31.112698372208094,28.04995965945801,172.39811304812986,256.0171447994971,17.142857142857146,1.4,0.0,0.7066521891941584,12.2,0.0,-0.03353217851536718,no,no
S4_B2_a45_b12_s04_t06,S4,B2,45.0,12,4,6,9.0,0,0.35,391.75,1.0,0.0,450.0,31.112698372208094,28.04995965945801,172.39811304812986,256.0171447994971,17.142857142857146,1.4,0.0,0.7066521891941584,12.2,0.0,-0.03353217851536718,no,no
S4_B2_a45_b16_s04_t06,S4,B2,45.0,16,4,6,9.0,0,0.35,391.75,1.0,0.0,450.0,31.112698372208094,28.04995965945801,172.39811304812986,256.0171447994971,17.142857142857146,1.4,0.0,0.7066521891941584,12.2,0.0,-0.03353217851536718,no,no
S4_B3_a00_b08_s04_t06,S4,B3,0.0,8,4,6,3.0,1,0.1,398.65,1.0,0.0,360.0,22.0,19.941646414164275,116.10755031421354,203.79112102739208,15.0,1.4,0.0,0.7157373167848023,12.2,0.0,-0.017405048721044796,yes,no
S4_B3_a00_b12_s04_t06,S4,B3,0.0,12,4,6,3.0,1,0.1,398.65,1.0,0.0,360.0,22.0,19.941646414164275,116.10755031421354,203.79112102739208,15.0,1.4,0.0,0.7157373167848023,12.2,0.0,-0.017405048721044796,yes,no
S4_B3_a00_b16_s04_t06,S4,B3,0.0,16,4,6,3.0,1,0.1,398.65,1.0,0.0,360.0,22.0,19.941646414164275,116.10755031421354,203.79112102739208,15.0,1.4,0.0,0.7157373167848023,12.2,0.0,-0.017405048721044796,yes,no
S4_B3_a15_b08_s04_t06,S4,B3,15.0,8,4,6,3.0,1,0.1,398.2,1.0,0.0,390.0,22.776075969021825,20.610893635746635,119.60201517512553,207.07861778317204,14.892857142857144,1.4,0.0,0.7325350313518018,12.2,0.0,-0.017631910380626347,yes,no
S4_B3_a15_b12_s04_t06,S4,B3,15.0,12,4,6,3.0,1,0.1,398.2,1.0,0.0,390.0,22.776075969021825,20.610893635746635,119.60201517512553,207.07861778317204,14.892857142857144,1.4,0.0,0.7325350313518018,12.2,0.0,-0.017631910380626347,yes,no
S4_B3_a15_b16_s04_t06,S4,B3,15.0,16,4,6,3.0,1,0.1,398.2,1.0,0.0,390.0,22.776075969021825,20.610893635746635,119.60201517512553,207.07861778317204,14.892857142857144,1.4,0.0,0.7325350313518018,12.2,0.0,-0.017631910380626347,yes,no
S4_B3_a30_b08_s04_t06,S4,B3,30.0,8,4,6,3.0,1,0.1,395.5,1.0,0.0,420.0,25.40341184434353,22.876570328376282,136.89733229328627,225.7708174866637,15.821428571428573,1.4,0.0,0.7294877242634021,12.2,0.0,-0.025654971074384404,no,no
S4_B3_a30_b12_s04_t06,S4,B3,30.0,12,4,6,3.0,1,0.1,395.5,1.0,0.0,420.0,25.40341184434353,22.876570328376282,136.89733229328627,225.7708174866637,15.821428571428573,1.4,0.0,0.7294877242634021,12.2,0.0,-0.025654971074384404,no,no
S4_B3_a30_b16_s04_t06,S4,B3,30.0,16,4,6,3.0,1,0.1,395.5,1.0,0.0,420.0,25.40341184434353,22.876570328376282,136.89733229328627,225.7708174866637,15.821428571428573,1.4,0.0,0.7294877242634021,12.2,0.0,-0.025654971074384404,no,no
S4_B3_a45_b08_s04_t06,S4,B3,45.0,8,4,6,3.0,1,0.1,391.8,1.0,0.0,450.0,31.112698372208094,27.79995965945801,170.63481812893127,254.84472520801936,17.035714285714285,1.4,0.0,0.7041863515177653,12.2,0.0,-0.033545223787948796,no,no
S4_B3_a45_b12_s04_t06,S4,B3,45.0,12,4,6,3.0,1,0.1,391.8,1.0,0.0,450.0,31.112698372208094,27.79995965945801,170.63481812893127,254.84472520801936,17.035714285714285,1.4,0.0,0.7041863515177653,12.2,0.0,-0.033545223787948796,no,no
S4_B3_a45_b16_s04_t06,S4,B3,45.0,16,4,6,3.0,1,0.1,391.8,1.0,0.0,450.0,31.112698372208094,27.79995965945801,170.63481812893127,254.84472520801936,17.035714285714285,1.4,0.0,0.7041863515177653,12.2,0.0,-0.033545223787948796,no,no
S4_B4_a00_b08_s04_t06,S4,B4,0.0,8,4,6,7.0,1,0.5,398.29999999999995,1.0,0.0,360.0,22.0,20.341646414164273,118.02887221415321,204.85480099150948,14.857142857142858,1.4,0.0,0.7118175011027175,12.2,0.0,-0.01750361785378059,yes,no
S4_B4_a00_b12_s04_t06,S4,B4,0.0,12,4,6,7.0,1,0.5,398.29999999999995,1.0,0.0,360.0,22.0,20.341646414164273,118.02887221415321,204.85480099150948,14.857142857142858,1.4,0.0,0.7118175011027175,12.2,0.0,-0.01750361785378059,yes,no
S4_B4_a00_b16_s04_t06,S4,B4,0.0,16,4,6,7.0,1,0.5,398.29999999999995,1.0,0.0,360.0,22.0,20.341646414164273,118.02887221415321,204.85480099150948,14.857142857142858,1.4,0.0,0.7118175011027175,12.2,0.0,-0.01750361785378059,yes,no
S4_B4_a15_b08_s04_t06,S4,B4,15.0,8,4,6,7.0,1,0.5,397.75,1.0,0.0,390.0,22.776075969021825,21.010893635746633,122.7778185262429,211.08579879278415,15.035714285714286,1.4,0.0,0.732899311723366,12.2,0.0,-0.019803377503989132,yes,no
S4_B4_a15_b12_s04_t06,S4,B4,15.0,12,4,6,7.0,1,0.5,397.75,1.0,0.0,390.0,22.776075969021825,21.010893635746633,122.7778185262429,211.08579879278415,15.035714285714286,1.4,0.0,0.732899311723366,12.2,0.0,-0.019803377503989132,yes,no
S4_B4_a15_b16_s04_t06,S4,B4,15.0,16,4,6,7.0,1,0.5,397.75,1.0,0.0,390.0,22.776075969021825,21.010893635746633,122.7778185262429,211.08579879278415,15.035714285714286,1.4,0.0,0.732899311723366,12.2,0.0,-0.019803377503989132,yes,no
S4_B4_a30_b08_s04_t06,S4,B4,30.0,8,4,6,7.0,1,0.5,395.2,1.0,0.0,420.0,25.40341184434353,23.27657032837628,140.3219274740796,228.1130922036257,15.857142857142858,1.4,0.0,0.7312501101816835,12.2,0.0,-0.026561827260206516,no,no
S4_B4_a30_b12_s04_t06,S4,B4,30.0,12,4,6,7.0,1,0.5,395.2,1.0,0.0,420.0,25.40341184434353,23.27657032837628,140.3219274740796,228.1130922036257,15.857142857142858,1.4,0.0,0.7312501101816835,12.2,0.0,-0.026561827260206516,no,no
S4_B4_a30_b16_s04_t06,S4,B4,30.0,16,4,6,7.0,1,0.5,395.2,1.0,0.0,420.0,25.40341184434353,23.27657032837628,140.3219274740796,228.1130922036257,15.857142857142858,1.4,0.0,0.7312501101816835,12.2,0.0,-0.026561827260206516,no,no
S4_B4_a45_b08_s04_t06,S4,B4,45.0,8,4,6,7.0,1,0.5,391.70000000000005,1.0,0.0,450.0,31.112698372208094,28.19995965945801,173.26237468633153,256.88641353103634,17.142857142857146,1.4,0.0,0.7085058976457719,12.2,0.0,-0.033748549237563624,no,no
S4_B4_a45_b12_s04_t06,S4,B4,45.0,12,4,6,7.0,1,0.5,391.70000000000005,1.0,0.0,450.0,31.112698372208094,28.19995965945801,173.26237468633153,256.88641353103634,17.142857142857146,1.4,0.0,0.7085058976457719,12.2,0.0,-0.033748549237563624,no,no
S4_B4_a45_b16_s04_t06,S4,B4,45.0,16,4,6,7.0,1,0.5,391.70000000000005,1.0,0.0,450.0,31.112698372208094,28.19995965945801,173.26237468633153,256.88641353103634,17.142857142857146,1.4,0.0,0.7085058976457719,12.2,0.0,-0.033748549237563624,no,no
baseline_S0_B0,S0,B0,0.0,12,4,6,8.0,1,0.75,401.6,3.3756846322870224,2.3756846322870224,1800.0,55.0,51.74385875222686,102.14818977641552,175.1068021699457,9.535714285714286,1.4,0.0,0.7914198174776292,12.2,0.0,0.0,yes,no
