scenario_id,geometry_id,regime_id,policy,replications,mean_throughput_per_hour,mean_wait_seconds,mean_movement_starts,mean_distance_m,mean_required_waiting_area_m2,mean_capacity_efficiency,mean_unfinished
compact_disrupted,compact,disrupted,S0,20,343.7,1117.8985288199588,58.66696681391272,42.0,137.57142857142858,1.4,24.7
compact_disrupted,compact,disrupted,S3,20,365.1,888.569670940729,1.0,18.0,113.57142857142858,1.4,0.0
compact_disrupted,compact,disrupted,S5,20,351.05,1034.9133693710146,1.0,15.0,0.0,0.0,0.0
compact_moderate,compact,moderate,S0,20,325.9,49.90977354249115,1.0219780307024873,42.0,2.379857142857143,1.4,0.0
compact_moderate,compact,moderate,S3,20,327.65,29.708328737796723,1.0,18.0,2.8008571428571427,1.4,0.0
compact_moderate,compact,moderate,S5,20,315.75,122.72919916297194,1.0,15.0,0.0,0.0,0.0
compact_peak,compact,peak,S0,20,424.2,174.13742485527553,8.88620314631707,42.0,21.39314285714286,1.4,0.0
compact_peak,compact,peak,S3,20,431.9,130.8384816808463,1.0,18.0,16.035714285714285,1.4,0.0
compact_peak,compact,peak,S5,20,419.05,232.78155100291863,1.0,15.0,0.0,0.0,0.0
extended_disrupted,extended,disrupted,S0,20,297.6,1364.25788351201,67.13812711078599,80.0,168.67857142857144,1.4,87.5
extended_disrupted,extended,disrupted,S3,20,362.2,892.3877698613894,1.0,32.0,89.57142857142858,1.4,0.0
extended_disrupted,extended,disrupted,S5,20,348.2,1036.5669875927188,1.0,24.0,0.0,0.0,0.0
extended_moderate,extended,moderate,S0,20,310.3,82.31346045620914,1.1401481636506945,80.0,3.8214285714285716,1.4,0.0
extended_moderate,extended,moderate,S3,20,313.95,40.88806164096964,1.0,32.0,3.5,1.4,0.0
extended_moderate,extended,moderate,S5,20,304.5,141.7425765039055,1.0,24.0,0.0,0.0,0.0
extended_peak,extended,peak,S0,20,396.3,191.7934309261773,8.970051008257512,80.0,21.107142857142858,1.4,0.0
extended_peak,extended,peak,S3,20,418.0,86.25232515777384,1.0,32.0,10.142857142857144,1.4,0.0
extended_peak,extended,peak,S5,20,404.75,192.83133264638303,1.0,24.0,0.0,0.0,0.0
standard_disrupted,standard,disrupted,S0,20,331.15,1211.106868237468,63.39345223914495,55.0,156.14285714285717,1.4,54.6
standard_disrupted,standard,disrupted,S3,20,376.05,866.8155178987587,1.0,22.0,108.00000000000001,1.4,0.0
standard_disrupted,standard,disrupted,S5,20,359.65,1002.3523698097076,1.0,18.0,0.0,0.0,0.0
standard_moderate,standard,moderate,S0,20,324.5,63.7199159343184,1.1377702968163546,55.0,3.579,1.4,0.0
standard_moderate,standard,moderate,S3,20,327.0,35.81087951718491,1.0,22.0,3.793285714285714,1.4,0.0
standard_moderate,standard,moderate,S5,20,316.45,134.91148765005008,1.0,18.0,0.0,0.0,0.0
standard_peak,standard,peak,S0,20,405.15,245.7220590467622,13.814219662838173,55.0,30.67857142857143,1.4,0.0
standard_peak,standard,peak,S3,20,422.85,161.83734593112666,1.0,22.0,16.821428571428573,1.4,0.0
standard_peak,standard,peak,S5,20,409.05,266.55803431559514,1.0,18.0,0.0,0.0,0.0
