scenario_id,geometry_id,regime_id,policy,throughput_difference,throughput_ci95_lower,throughput_ci95_upper,throughput_relative_lower_bound,movement_starts_difference,movement_starts_ci95_lower,movement_starts_ci95_upper,mean_wait_difference_seconds,throughput_acceptable_2pct
compact_disrupted,compact,disrupted,S3,21.4,16.6262047560609,26.173795243939097,0.04837417735251935,-57.66696681391272,-61.43123417742125,-53.90269945040419,-229.32885787922967,yes
compact_disrupted,compact,disrupted,S5,7.35,1.4803435290565385,13.21965647094346,0.004307080387129876,-57.66696681391272,-61.43123417742125,-53.90269945040419,-82.98515944894416,yes
compact_moderate,compact,moderate,S3,1.75,1.249260268759644,2.250739731240356,0.00383326256139811,-0.021978030702487227,-0.05236407377081469,0.008408012365840233,-20.201444804694432,yes
compact_moderate,compact,moderate,S5,-10.15,-11.376791785548463,-8.923208214451538,-0.034908842545407985,-0.021978030702487227,-0.05236407377081469,0.008408012365840233,72.81942562048079,no
compact_peak,compact,peak,S3,7.7,1.3350402968175752,14.064959703182424,0.003147195419183346,-7.88620314631707,-13.274358593394094,-2.498047699240045,-43.29894317442923,yes
compact_peak,compact,peak,S5,-5.15,-11.874603237299059,1.5746032372990584,-0.0279929354957545,-7.88620314631707,-13.274358593394094,-2.498047699240045,58.64412614764312,no
extended_disrupted,extended,disrupted,S3,64.6,56.24251261696266,72.95748738303733,0.18898693755699816,-66.13812711078599,-68.22105582984632,-64.05519839172565,-471.8701136506206,yes
extended_disrupted,extended,disrupted,S5,50.6,42.16425342572884,59.035746574271165,0.14168095909183076,-66.13812711078599,-68.22105582984632,-64.05519839172565,-327.6908959192912,yes
extended_moderate,extended,moderate,S3,3.65,3.163269754334264,4.136730245665736,0.010194230597274458,-0.1401481636506945,-0.23255234908900901,-0.04774397821237998,-41.425398815239504,yes
extended_moderate,extended,moderate,S5,-5.8,-7.020432257600865,-4.579567742399135,-0.022624660836612517,-0.1401481636506945,-0.23255234908900901,-0.04774397821237998,59.42911604769637,no
extended_peak,extended,peak,S3,21.7,11.412532109720432,31.987467890279568,0.028797709083321806,-7.970051008257511,-11.6923759808782,-4.247726035636821,-105.54110576840348,yes
extended_peak,extended,peak,S5,8.45,-1.5699445886995171,18.469944588699516,-0.003961505396667972,-7.970051008257511,-11.6923759808782,-4.247726035636821,1.037901720205705,yes
standard_disrupted,standard,disrupted,S3,44.9,37.05553065970284,52.74446934029716,0.11189953392632596,-62.39345223914495,-66.98385089667407,-57.80305358161583,-344.29135033870926,yes
standard_disrupted,standard,disrupted,S5,28.5,21.424170884773673,35.57582911522633,0.06469627324406968,-62.39345223914495,-66.98385089667407,-57.80305358161583,-208.75449842776038,yes
standard_moderate,standard,moderate,S3,2.5,1.9021898724637172,3.097810127536283,0.005861910238717156,-0.13777029681635464,-0.30649411174847285,0.03095351811576355,-27.90903641713349,yes
standard_moderate,standard,moderate,S5,-8.05,-9.564448094095297,-6.535551905904705,-0.029474416314623414,-0.13777029681635464,-0.30649411174847285,0.03095351811576355,71.19157171573168,no
standard_peak,standard,peak,S3,17.7,7.914486661336031,27.485513338663967,0.01953470729689259,-12.814219662838173,-18.88358641672387,-6.744852908952478,-83.88471311563555,yes
standard_peak,standard,peak,S5,3.9,-5.741670712537813,13.541670712537814,-0.014171715938634612,-12.814219662838173,-18.88358641672387,-6.744852908952478,20.8359752688329,yes
