load_regime,policy,endpoint,current_replications,target_half_width,achieved_half_width,estimated_required_replications,target_met
0.5,S1,capacity_efficiency_passengers_per_m2,200,0.02,0.0,1,yes
0.5,S1,mean_movement_distance_m,200,0.25,0.0,1,yes
0.5,S1,mean_movement_starts,200,0.1,0.002061384022010084,1,yes
0.5,S1,mean_movement_stops,200,0.1,0.002061384022010084,1,yes
0.5,S1,mean_turning_angle_degrees,200,15.0,0.0,1,yes
0.5,S1,mean_wait_seconds,200,5.0,0.41163858899914985,2,yes
0.5,S1,required_waiting_area_m2_at_density_limit,200,2.0,0.08727842515155633,1,yes
0.5,S1,throughput_per_hour,200,2.3118000000000003,0.3182870769905053,4,yes
0.5,S2,capacity_efficiency_passengers_per_m2,200,0.02,0.0,1,yes
0.5,S2,mean_movement_distance_m,200,0.25,0.0,1,yes
0.5,S2,mean_movement_starts,200,0.1,0.002061384022010084,1,yes
0.5,S2,mean_movement_stops,200,0.1,0.002061384022010084,1,yes
0.5,S2,mean_turning_angle_degrees,200,15.0,0.0,1,yes
0.5,S2,mean_wait_seconds,200,5.0,0.29955241241985475,1,yes
0.5,S2,required_waiting_area_m2_at_density_limit,200,2.0,0.08078306868129287,1,yes
0.5,S2,throughput_per_hour,200,2.3118000000000003,0.163922263769777,1,yes
0.5,S3,capacity_efficiency_passengers_per_m2,200,0.02,0.0,1,yes
0.5,S3,mean_movement_distance_m,200,0.25,0.0,1,yes
0.5,S3,mean_movement_starts,200,0.1,0.002061384022010084,1,yes
0.5,S3,mean_movement_stops,200,0.1,0.002061384022010084,1,yes
0.5,S3,mean_turning_angle_degrees,200,15.0,0.0,1,yes
0.5,S3,mean_wait_seconds,200,5.0,0.07549870377968453,1,yes
0.5,S3,required_waiting_area_m2_at_density_limit,200,2.0,0.050291646304067496,1,yes
0.5,S3,throughput_per_hour,200,2.3118000000000003,0.17287324944122903,2,yes
0.5,S4,capacity_efficiency_passengers_per_m2,200,0.02,0.0,1,yes
0.5,S4,mean_movement_distance_m,200,0.25,0.0,1,yes
0.5,S4,mean_movement_starts,200,0.1,0.002061384022010084,1,yes
0.5,S4,mean_movement_stops,200,0.1,0.002061384022010084,1,yes
0.5,S4,mean_turning_angle_degrees,200,15.0,0.0,1,yes
0.5,S4,mean_wait_seconds,200,5.0,0.2811752071386386,1,yes
0.5,S4,required_waiting_area_m2_at_density_limit,200,2.0,0.22127791815940343,3,yes
0.5,S4,throughput_per_hour,200,2.3118000000000003,0.16633632149589722,2,yes
0.5,S5,capacity_efficiency_passengers_per_m2,200,0.02,0.0,1,yes
0.5,S5,mean_movement_distance_m,200,0.25,0.0,1,yes
0.5,S5,mean_movement_starts,200,0.1,0.002061384022010084,1,yes
0.5,S5,mean_movement_stops,200,0.1,0.002061384022010084,1,yes
0.5,S5,mean_turning_angle_degrees,200,15.0,0.0,1,yes
0.5,S5,mean_wait_seconds,200,5.0,2.0208282791062095,33,yes
0.5,S5,required_waiting_area_m2_at_density_limit,200,2.0,0.06863225029839666,1,yes
0.5,S5,throughput_per_hour,200,2.3118000000000003,0.43221491359132547,7,yes
0.7,S1,capacity_efficiency_passengers_per_m2,200,0.02,0.0,1,yes
0.7,S1,mean_movement_distance_m,200,0.25,0.0,1,yes
0.7,S1,mean_movement_starts,200,0.1,0.12882707589445108,328,no
0.7,S1,mean_movement_stops,200,0.1,0.12882707589445108,328,no
0.7,S1,mean_turning_angle_degrees,200,15.0,0.0,1,yes
0.7,S1,mean_wait_seconds,200,5.0,0.6816347108977886,4,yes
0.7,S1,required_waiting_area_m2_at_density_limit,200,2.0,0.39346002278704656,8,yes
0.7,S1,throughput_per_hour,200,3.22455,0.2743414255606448,2,yes
0.7,S2,capacity_efficiency_passengers_per_m2,200,0.02,0.0,1,yes
0.7,S2,mean_movement_distance_m,200,0.25,0.0,1,yes
0.7,S2,mean_movement_starts,200,0.1,0.12882707589445108,328,no
0.7,S2,mean_movement_stops,200,0.1,0.12882707589445108,328,no
0.7,S2,mean_turning_angle_degrees,200,15.0,0.0,1,yes
0.7,S2,mean_wait_seconds,200,5.0,0.4175391523009857,2,yes
0.7,S2,required_waiting_area_m2_at_density_limit,200,2.0,0.3910169075908787,8,yes
0.7,S2,throughput_per_hour,200,3.22455,0.19138237502665217,1,yes
0.7,S3,capacity_efficiency_passengers_per_m2,200,0.02,0.0,1,yes
0.7,S3,mean_movement_distance_m,200,0.25,0.0,1,yes
0.7,S3,mean_movement_starts,200,0.1,0.12882707589445108,328,no
0.7,S3,mean_movement_stops,200,0.1,0.12882707589445108,328,no
0.7,S3,mean_turning_angle_degrees,200,15.0,0.0,1,yes
0.7,S3,mean_wait_seconds,200,5.0,0.380469190506757,2,yes
0.7,S3,required_waiting_area_m2_at_density_limit,200,2.0,0.22232032707264762,3,yes
0.7,S3,throughput_per_hour,200,3.22455,0.202571276254866,1,yes
0.7,S4,capacity_efficiency_passengers_per_m2,200,0.02,0.0,1,yes
0.7,S4,mean_movement_distance_m,200,0.25,0.0,1,yes
0.7,S4,mean_movement_starts,200,0.1,0.12882707589445108,328,no
0.7,S4,mean_movement_stops,200,0.1,0.12882707589445108,328,no
0.7,S4,mean_turning_angle_degrees,200,15.0,0.0,1,yes
0.7,S4,mean_wait_seconds,200,5.0,1.1879360166750406,12,yes
0.7,S4,required_waiting_area_m2_at_density_limit,200,2.0,0.32471763660475406,6,yes
0.7,S4,throughput_per_hour,200,3.22455,0.279712846642744,2,yes
0.7,S5,capacity_efficiency_passengers_per_m2,200,0.02,0.0,1,yes
0.7,S5,mean_movement_distance_m,200,0.25,0.0,1,yes
0.7,S5,mean_movement_starts,200,0.1,0.12882707589445108,328,no
0.7,S5,mean_movement_stops,200,0.1,0.12882707589445108,328,no
0.7,S5,mean_turning_angle_degrees,200,15.0,0.0,1,yes
0.7,S5,mean_wait_seconds,200,5.0,1.1540331673389,11,yes
0.7,S5,required_waiting_area_m2_at_density_limit,200,2.0,0.4245170663329543,9,yes
0.7,S5,throughput_per_hour,200,3.22455,0.4418233409675297,4,yes
0.85,S1,capacity_efficiency_passengers_per_m2,200,0.02,0.0,1,yes
0.85,S1,mean_movement_distance_m,200,0.25,0.0,1,yes
0.85,S1,mean_movement_starts,200,0.1,0.43878353792001445,3805,no
0.85,S1,mean_movement_stops,200,0.1,0.43878353792001445,3805,no
0.85,S1,mean_turning_angle_degrees,200,15.0,0.0,1,yes
0.85,S1,mean_wait_seconds,200,5.0,1.603436384822834,21,yes
0.85,S1,required_waiting_area_m2_at_density_limit,200,2.0,0.805535718105707,33,yes
0.85,S1,throughput_per_hour,200,3.84395,0.5271330161822348,4,yes
0.85,S2,capacity_efficiency_passengers_per_m2,200,0.02,0.0,1,yes
0.85,S2,mean_movement_distance_m,200,0.25,0.0,1,yes
0.85,S2,mean_movement_starts,200,0.1,0.43878353792001445,3805,no
0.85,S2,mean_movement_stops,200,0.1,0.43878353792001445,3805,no
0.85,S2,mean_turning_angle_degrees,200,15.0,0.0,1,yes
0.85,S2,mean_wait_seconds,200,5.0,1.5809019190014024,20,yes
0.85,S2,required_waiting_area_m2_at_density_limit,200,2.0,0.7957780733992633,32,yes
0.85,S2,throughput_per_hour,200,3.84395,0.5115010088496716,4,yes
0.85,S3,capacity_efficiency_passengers_per_m2,200,0.02,0.0,1,yes
0.85,S3,mean_movement_distance_m,200,0.25,0.0,1,yes
0.85,S3,mean_movement_starts,200,0.1,0.43878353792001445,3805,no
0.85,S3,mean_movement_stops,200,0.1,0.43878353792001445,3805,no
0.85,S3,mean_turning_angle_degrees,200,15.0,0.0,1,yes
0.85,S3,mean_wait_seconds,200,5.0,1.5044751193871644,18,yes
0.85,S3,required_waiting_area_m2_at_density_limit,200,2.0,0.4992010915960705,13,yes
0.85,S3,throughput_per_hour,200,3.84395,0.5331691161603078,4,yes
0.85,S4,capacity_efficiency_passengers_per_m2,200,0.02,0.0,1,yes
0.85,S4,mean_movement_distance_m,200,0.25,0.0,1,yes
0.85,S4,mean_movement_starts,200,0.1,0.43878353792001445,3805,no
0.85,S4,mean_movement_stops,200,0.1,0.43878353792001445,3805,no
0.85,S4,mean_turning_angle_degrees,200,15.0,0.0,1,yes
0.85,S4,mean_wait_seconds,200,5.0,2.9075872862659766,67,yes
0.85,S4,required_waiting_area_m2_at_density_limit,200,2.0,0.7114501310586269,26,yes
0.85,S4,throughput_per_hour,200,3.84395,0.7364969460955162,8,yes
0.85,S5,capacity_efficiency_passengers_per_m2,200,0.02,0.0,1,yes
0.85,S5,mean_movement_distance_m,200,0.25,0.0,1,yes
0.85,S5,mean_movement_starts,200,0.1,0.43878353792001445,3805,no
0.85,S5,mean_movement_stops,200,0.1,0.43878353792001445,3805,no
0.85,S5,mean_turning_angle_degrees,200,15.0,0.0,1,yes
0.85,S5,mean_wait_seconds,200,5.0,1.62778777787054,21,yes
0.85,S5,required_waiting_area_m2_at_density_limit,200,2.0,0.9147246807236988,42,yes
0.85,S5,throughput_per_hour,200,3.84395,0.5828937162238826,5,yes
0.95,S1,capacity_efficiency_passengers_per_m2,200,0.02,0.0,1,yes
0.95,S1,mean_movement_distance_m,200,0.25,0.0,1,yes
0.95,S1,mean_movement_starts,200,0.1,1.0872912948642266,23359,no
0.95,S1,mean_movement_stops,200,0.1,1.0872912948642266,23359,no
0.95,S1,mean_turning_angle_degrees,200,15.0,0.0,1,yes
0.95,S1,mean_wait_seconds,200,5.0,6.52971813859235,337,no
0.95,S1,required_waiting_area_m2_at_density_limit,200,2.0,1.362103439217137,92,yes
0.95,S1,throughput_per_hour,200,4.18175,1.4781299979347375,25,yes
0.95,S2,capacity_efficiency_passengers_per_m2,200,0.02,0.0,1,yes
0.95,S2,mean_movement_distance_m,200,0.25,0.0,1,yes
0.95,S2,mean_movement_starts,200,0.1,1.0872912948642266,23359,no
0.95,S2,mean_movement_stops,200,0.1,1.0872912948642266,23359,no
0.95,S2,mean_turning_angle_degrees,200,15.0,0.0,1,yes
0.95,S2,mean_wait_seconds,200,5.0,6.350407475213143,319,no
0.95,S2,required_waiting_area_m2_at_density_limit,200,2.0,1.3157603225752466,86,yes
0.95,S2,throughput_per_hour,200,4.18175,1.478434024930361,25,yes
0.95,S3,capacity_efficiency_passengers_per_m2,200,0.02,0.0,1,yes
0.95,S3,mean_movement_distance_m,200,0.25,0.0,1,yes
0.95,S3,mean_movement_starts,200,0.1,1.0872912948642266,23359,no
0.95,S3,mean_movement_stops,200,0.1,1.0872912948642266,23359,no
0.95,S3,mean_turning_angle_degrees,200,15.0,0.0,1,yes
0.95,S3,mean_wait_seconds,200,5.0,6.276151496131325,312,no
0.95,S3,required_waiting_area_m2_at_density_limit,200,2.0,1.3338481677926792,88,yes
0.95,S3,throughput_per_hour,200,4.18175,1.4823465928072348,25,yes
0.95,S4,capacity_efficiency_passengers_per_m2,200,0.02,0.0,1,yes
0.95,S4,mean_movement_distance_m,200,0.25,0.0,1,yes
0.95,S4,mean_movement_starts,200,0.1,1.0872912948642266,23359,no
0.95,S4,mean_movement_stops,200,0.1,1.0872912948642266,23359,no
0.95,S4,mean_turning_angle_degrees,200,15.0,0.0,1,yes
0.95,S4,mean_wait_seconds,200,5.0,7.736499314200955,474,no
0.95,S4,required_waiting_area_m2_at_density_limit,200,2.0,1.551507084790069,119,yes
0.95,S4,throughput_per_hour,200,4.18175,1.6884781076903825,33,yes
0.95,S5,capacity_efficiency_passengers_per_m2,200,0.02,0.0,1,yes
0.95,S5,mean_movement_distance_m,200,0.25,0.0,1,yes
0.95,S5,mean_movement_starts,200,0.1,1.0872912948642266,23359,no
0.95,S5,mean_movement_stops,200,0.1,1.0872912948642266,23359,no
0.95,S5,mean_turning_angle_degrees,200,15.0,0.0,1,yes
0.95,S5,mean_wait_seconds,200,5.0,7.074553129905192,396,no
0.95,S5,required_waiting_area_m2_at_density_limit,200,2.0,1.9428746032130577,187,yes
0.95,S5,throughput_per_hour,200,4.18175,1.5228827865841637,27,yes
1.0,S1,capacity_efficiency_passengers_per_m2,200,0.02,0.0,1,yes
1.0,S1,mean_movement_distance_m,200,0.25,0.0,1,yes
1.0,S1,mean_movement_starts,200,0.1,1.7751450634201456,62261,no
1.0,S1,mean_movement_stops,200,0.1,1.7751450634201456,62261,no
1.0,S1,mean_turning_angle_degrees,200,15.0,0.0,1,yes
1.0,S1,mean_wait_seconds,200,5.0,16.046004518410886,2035,no
1.0,S1,required_waiting_area_m2_at_density_limit,200,2.0,2.3719371057503347,278,no
1.0,S1,throughput_per_hour,200,4.2042,3.0439874998496386,104,yes
1.0,S2,capacity_efficiency_passengers_per_m2,200,0.02,0.0,1,yes
1.0,S2,mean_movement_distance_m,200,0.25,0.0,1,yes
1.0,S2,mean_movement_starts,200,0.1,1.7751450634201456,62261,no
1.0,S2,mean_movement_stops,200,0.1,1.7751450634201456,62261,no
1.0,S2,mean_turning_angle_degrees,200,15.0,0.0,1,yes
1.0,S2,mean_wait_seconds,200,5.0,15.653729020572245,1937,no
1.0,S2,required_waiting_area_m2_at_density_limit,200,2.0,2.3114744212037444,264,no
1.0,S2,throughput_per_hour,200,4.2042,3.014115682174679,102,yes
1.0,S3,capacity_efficiency_passengers_per_m2,200,0.02,0.0,1,yes
1.0,S3,mean_movement_distance_m,200,0.25,0.0,1,yes
1.0,S3,mean_movement_starts,200,0.1,1.7751450634201456,62261,no
1.0,S3,mean_movement_stops,200,0.1,1.7751450634201456,62261,no
1.0,S3,mean_turning_angle_degrees,200,15.0,0.0,1,yes
1.0,S3,mean_wait_seconds,200,5.0,15.699950520123108,1949,no
1.0,S3,required_waiting_area_m2_at_density_limit,200,2.0,2.622525851926052,340,no
1.0,S3,throughput_per_hour,200,4.2042,2.9962399457422793,101,yes
1.0,S4,capacity_efficiency_passengers_per_m2,200,0.02,0.0,1,yes
1.0,S4,mean_movement_distance_m,200,0.25,0.0,1,yes
1.0,S4,mean_movement_starts,200,0.1,1.7751450634201456,62261,no
1.0,S4,mean_movement_stops,200,0.1,1.7751450634201456,62261,no
1.0,S4,mean_turning_angle_degrees,200,15.0,0.0,1,yes
1.0,S4,mean_wait_seconds,200,5.0,17.411800919053384,2397,no
1.0,S4,required_waiting_area_m2_at_density_limit,200,2.0,2.7661370244153,378,no
1.0,S4,throughput_per_hour,200,4.2042,3.3088097898182327,123,yes
1.0,S5,capacity_efficiency_passengers_per_m2,200,0.02,0.0,1,yes
1.0,S5,mean_movement_distance_m,200,0.25,0.0,1,yes
1.0,S5,mean_movement_starts,200,0.1,1.7751450634201456,62261,no
1.0,S5,mean_movement_stops,200,0.1,1.7751450634201456,62261,no
1.0,S5,mean_turning_angle_degrees,200,15.0,0.0,1,yes
1.0,S5,mean_wait_seconds,200,5.0,16.70405091900042,2206,no
1.0,S5,required_waiting_area_m2_at_density_limit,200,2.0,3.2331699746656493,517,no
1.0,S5,throughput_per_hour,200,4.2042,3.1315170502055913,110,yes
1.15,S1,capacity_efficiency_passengers_per_m2,200,0.02,0.0,1,yes
1.15,S1,mean_movement_distance_m,200,0.25,0.0,1,yes
1.15,S1,mean_movement_starts,200,0.1,2.481919942273247,121710,no
1.15,S1,mean_movement_stops,200,0.1,2.481919942273247,121710,no
1.15,S1,mean_turning_angle_degrees,200,15.0,0.0,1,yes
1.15,S1,mean_wait_seconds,200,5.0,30.087643685951498,7155,no
1.15,S1,required_waiting_area_m2_at_density_limit,200,2.0,2.9586477640004967,433,no
1.15,S1,throughput_per_hour,200,3.9363,4.204374546345346,226,no
1.15,S2,capacity_efficiency_passengers_per_m2,200,0.02,0.0,1,yes
1.15,S2,mean_movement_distance_m,200,0.25,0.0,1,yes
1.15,S2,mean_movement_starts,200,0.1,2.481919942273247,121710,no
1.15,S2,mean_movement_stops,200,0.1,2.481919942273247,121710,no
1.15,S2,mean_turning_angle_degrees,200,15.0,0.0,1,yes
1.15,S2,mean_wait_seconds,200,5.0,30.20117762621992,7209,no
1.15,S2,required_waiting_area_m2_at_density_limit,200,2.0,2.953176380414075,431,no
1.15,S2,throughput_per_hour,200,3.9363,4.219324787267667,228,no
1.15,S3,capacity_efficiency_passengers_per_m2,200,0.02,0.0,1,yes
1.15,S3,mean_movement_distance_m,200,0.25,0.0,1,yes
1.15,S3,mean_movement_starts,200,0.1,2.481919942273247,121710,no
1.15,S3,mean_movement_stops,200,0.1,2.481919942273247,121710,no
1.15,S3,mean_turning_angle_degrees,200,15.0,0.0,1,yes
1.15,S3,mean_wait_seconds,200,5.0,30.16284066238638,7191,no
1.15,S3,required_waiting_area_m2_at_density_limit,200,2.0,3.171043501008121,497,no
1.15,S3,throughput_per_hour,200,3.9363,4.211848819014133,227,no
1.15,S4,capacity_efficiency_passengers_per_m2,200,0.02,0.0,1,yes
1.15,S4,mean_movement_distance_m,200,0.25,0.0,1,yes
1.15,S4,mean_movement_starts,200,0.1,2.481919942273247,121710,no
1.15,S4,mean_movement_stops,200,0.1,2.481919942273247,121710,no
1.15,S4,mean_turning_angle_degrees,200,15.0,0.0,1,yes
1.15,S4,mean_wait_seconds,200,5.0,32.26418117901997,8228,no
1.15,S4,required_waiting_area_m2_at_density_limit,200,2.0,3.252439393270102,523,no
1.15,S4,throughput_per_hour,200,3.9363,4.503456195225473,259,no
1.15,S5,capacity_efficiency_passengers_per_m2,200,0.02,0.0,1,yes
1.15,S5,mean_movement_distance_m,200,0.25,0.0,1,yes
1.15,S5,mean_movement_starts,200,0.1,2.481919942273247,121710,no
1.15,S5,mean_movement_stops,200,0.1,2.481919942273247,121710,no
1.15,S5,mean_turning_angle_degrees,200,15.0,0.0,1,yes
1.15,S5,mean_wait_seconds,200,5.0,30.954389402029218,7573,no
1.15,S5,required_waiting_area_m2_at_density_limit,200,2.0,4.962833061029117,1217,no
1.15,S5,throughput_per_hour,200,3.9363,4.331676693429428,240,no
