load_regime,replication,seed,arrival_rate_per_hour
0.5,0,310000,235.80786026200875
0.5,1,310001,235.80786026200875
0.5,2,310002,235.80786026200875
0.5,3,310003,235.80786026200875
0.5,4,310004,235.80786026200875
0.5,5,310005,235.80786026200875
0.5,6,310006,235.80786026200875
0.5,7,310007,235.80786026200875
0.5,8,310008,235.80786026200875
0.5,9,310009,235.80786026200875
0.5,10,310010,235.80786026200875
0.5,11,310011,235.80786026200875
0.5,12,310012,235.80786026200875
0.5,13,310013,235.80786026200875
0.5,14,310014,235.80786026200875
0.5,15,310015,235.80786026200875
0.5,16,310016,235.80786026200875
0.5,17,310017,235.80786026200875
0.5,18,310018,235.80786026200875
0.5,19,310019,235.80786026200875
0.5,20,310020,235.80786026200875
0.5,21,310021,235.80786026200875
0.5,22,310022,235.80786026200875
0.5,23,310023,235.80786026200875
0.5,24,310024,235.80786026200875
0.5,25,310025,235.80786026200875
0.5,26,310026,235.80786026200875
0.5,27,310027,235.80786026200875
0.5,28,310028,235.80786026200875
0.5,29,310029,235.80786026200875
0.5,30,310030,235.80786026200875
0.5,31,310031,235.80786026200875
0.5,32,310032,235.80786026200875
0.5,33,310033,235.80786026200875
0.5,34,310034,235.80786026200875
0.5,35,310035,235.80786026200875
0.5,36,310036,235.80786026200875
0.5,37,310037,235.80786026200875
0.5,38,310038,235.80786026200875
0.5,39,310039,235.80786026200875
0.5,40,310040,235.80786026200875
0.5,41,310041,235.80786026200875
0.5,42,310042,235.80786026200875
0.5,43,310043,235.80786026200875
0.5,44,310044,235.80786026200875
0.5,45,310045,235.80786026200875
0.5,46,310046,235.80786026200875
0.5,47,310047,235.80786026200875
0.5,48,310048,235.80786026200875
0.5,49,310049,235.80786026200875
0.5,50,310050,235.80786026200875
0.5,51,310051,235.80786026200875
0.5,52,310052,235.80786026200875
0.5,53,310053,235.80786026200875
0.5,54,310054,235.80786026200875
0.5,55,310055,235.80786026200875
0.5,56,310056,235.80786026200875
0.5,57,310057,235.80786026200875
0.5,58,310058,235.80786026200875
0.5,59,310059,235.80786026200875
0.5,60,310060,235.80786026200875
0.5,61,310061,235.80786026200875
0.5,62,310062,235.80786026200875
0.5,63,310063,235.80786026200875
0.5,64,310064,235.80786026200875
0.5,65,310065,235.80786026200875
0.5,66,310066,235.80786026200875
0.5,67,310067,235.80786026200875
0.5,68,310068,235.80786026200875
0.5,69,310069,235.80786026200875
0.5,70,310070,235.80786026200875
0.5,71,310071,235.80786026200875
0.5,72,310072,235.80786026200875
0.5,73,310073,235.80786026200875
0.5,74,310074,235.80786026200875
0.5,75,310075,235.80786026200875
0.5,76,310076,235.80786026200875
0.5,77,310077,235.80786026200875
0.5,78,310078,235.80786026200875
0.5,79,310079,235.80786026200875
0.5,80,310080,235.80786026200875
0.5,81,310081,235.80786026200875
0.5,82,310082,235.80786026200875
0.5,83,310083,235.80786026200875
0.5,84,310084,235.80786026200875
0.5,85,310085,235.80786026200875
0.5,86,310086,235.80786026200875
0.5,87,310087,235.80786026200875
0.5,88,310088,235.80786026200875
0.5,89,310089,235.80786026200875
0.5,90,310090,235.80786026200875
0.5,91,310091,235.80786026200875
0.5,92,310092,235.80786026200875
0.5,93,310093,235.80786026200875
0.5,94,310094,235.80786026200875
0.5,95,310095,235.80786026200875
0.5,96,310096,235.80786026200875
0.5,97,310097,235.80786026200875
0.5,98,310098,235.80786026200875
0.5,99,310099,235.80786026200875
0.5,100,310100,235.80786026200875
0.5,101,310101,235.80786026200875
0.5,102,310102,235.80786026200875
0.5,103,310103,235.80786026200875
0.5,104,310104,235.80786026200875
0.5,105,310105,235.80786026200875
0.5,106,310106,235.80786026200875
0.5,107,310107,235.80786026200875
0.5,108,310108,235.80786026200875
0.5,109,310109,235.80786026200875
0.5,110,310110,235.80786026200875
0.5,111,310111,235.80786026200875
0.5,112,310112,235.80786026200875
0.5,113,310113,235.80786026200875
0.5,114,310114,235.80786026200875
0.5,115,310115,235.80786026200875
0.5,116,310116,235.80786026200875
0.5,117,310117,235.80786026200875
0.5,118,310118,235.80786026200875
0.5,119,310119,235.80786026200875
0.5,120,310120,235.80786026200875
0.5,121,310121,235.80786026200875
0.5,122,310122,235.80786026200875
0.5,123,310123,235.80786026200875
0.5,124,310124,235.80786026200875
0.5,125,310125,235.80786026200875
0.5,126,310126,235.80786026200875
0.5,127,310127,235.80786026200875
0.5,128,310128,235.80786026200875
0.5,129,310129,235.80786026200875
0.5,130,310130,235.80786026200875
0.5,131,310131,235.80786026200875
0.5,132,310132,235.80786026200875
0.5,133,310133,235.80786026200875
0.5,134,310134,235.80786026200875
0.5,135,310135,235.80786026200875
0.5,136,310136,235.80786026200875
0.5,137,310137,235.80786026200875
0.5,138,310138,235.80786026200875
0.5,139,310139,235.80786026200875
0.5,140,310140,235.80786026200875
0.5,141,310141,235.80786026200875
0.5,142,310142,235.80786026200875
0.5,143,310143,235.80786026200875
0.5,144,310144,235.80786026200875
0.5,145,310145,235.80786026200875
0.5,146,310146,235.80786026200875
0.5,147,310147,235.80786026200875
0.5,148,310148,235.80786026200875
0.5,149,310149,235.80786026200875
0.5,150,310150,235.80786026200875
0.5,151,310151,235.80786026200875
0.5,152,310152,235.80786026200875
0.5,153,310153,235.80786026200875
0.5,154,310154,235.80786026200875
0.5,155,310155,235.80786026200875
0.5,156,310156,235.80786026200875
0.5,157,310157,235.80786026200875
0.5,158,310158,235.80786026200875
0.5,159,310159,235.80786026200875
0.5,160,310160,235.80786026200875
0.5,161,310161,235.80786026200875
0.5,162,310162,235.80786026200875
0.5,163,310163,235.80786026200875
0.5,164,310164,235.80786026200875
0.5,165,310165,235.80786026200875
0.5,166,310166,235.80786026200875
0.5,167,310167,235.80786026200875
0.5,168,310168,235.80786026200875
0.5,169,310169,235.80786026200875
0.5,170,310170,235.80786026200875
0.5,171,310171,235.80786026200875
0.5,172,310172,235.80786026200875
0.5,173,310173,235.80786026200875
0.5,174,310174,235.80786026200875
0.5,175,310175,235.80786026200875
0.5,176,310176,235.80786026200875
0.5,177,310177,235.80786026200875
0.5,178,310178,235.80786026200875
0.5,179,310179,235.80786026200875
0.5,180,310180,235.80786026200875
0.5,181,310181,235.80786026200875
0.5,182,310182,235.80786026200875
0.5,183,310183,235.80786026200875
0.5,184,310184,235.80786026200875
0.5,185,310185,235.80786026200875
0.5,186,310186,235.80786026200875
0.5,187,310187,235.80786026200875
0.5,188,310188,235.80786026200875
0.5,189,310189,235.80786026200875
0.5,190,310190,235.80786026200875
0.5,191,310191,235.80786026200875
0.5,192,310192,235.80786026200875
0.5,193,310193,235.80786026200875
0.5,194,310194,235.80786026200875
0.5,195,310195,235.80786026200875
0.5,196,310196,235.80786026200875
0.5,197,310197,235.80786026200875
0.5,198,310198,235.80786026200875
0.5,199,310199,235.80786026200875
0.7,0,320000,330.13100436681225
0.7,1,320001,330.13100436681225
0.7,2,320002,330.13100436681225
0.7,3,320003,330.13100436681225
0.7,4,320004,330.13100436681225
0.7,5,320005,330.13100436681225
0.7,6,320006,330.13100436681225
0.7,7,320007,330.13100436681225
0.7,8,320008,330.13100436681225
0.7,9,320009,330.13100436681225
0.7,10,320010,330.13100436681225
0.7,11,320011,330.13100436681225
0.7,12,320012,330.13100436681225
0.7,13,320013,330.13100436681225
0.7,14,320014,330.13100436681225
0.7,15,320015,330.13100436681225
0.7,16,320016,330.13100436681225
0.7,17,320017,330.13100436681225
0.7,18,320018,330.13100436681225
0.7,19,320019,330.13100436681225
0.7,20,320020,330.13100436681225
0.7,21,320021,330.13100436681225
0.7,22,320022,330.13100436681225
0.7,23,320023,330.13100436681225
0.7,24,320024,330.13100436681225
0.7,25,320025,330.13100436681225
0.7,26,320026,330.13100436681225
0.7,27,320027,330.13100436681225
0.7,28,320028,330.13100436681225
0.7,29,320029,330.13100436681225
0.7,30,320030,330.13100436681225
0.7,31,320031,330.13100436681225
0.7,32,320032,330.13100436681225
0.7,33,320033,330.13100436681225
0.7,34,320034,330.13100436681225
0.7,35,320035,330.13100436681225
0.7,36,320036,330.13100436681225
0.7,37,320037,330.13100436681225
0.7,38,320038,330.13100436681225
0.7,39,320039,330.13100436681225
0.7,40,320040,330.13100436681225
0.7,41,320041,330.13100436681225
0.7,42,320042,330.13100436681225
0.7,43,320043,330.13100436681225
0.7,44,320044,330.13100436681225
0.7,45,320045,330.13100436681225
0.7,46,320046,330.13100436681225
0.7,47,320047,330.13100436681225
0.7,48,320048,330.13100436681225
0.7,49,320049,330.13100436681225
0.7,50,320050,330.13100436681225
0.7,51,320051,330.13100436681225
0.7,52,320052,330.13100436681225
0.7,53,320053,330.13100436681225
0.7,54,320054,330.13100436681225
0.7,55,320055,330.13100436681225
0.7,56,320056,330.13100436681225
0.7,57,320057,330.13100436681225
0.7,58,320058,330.13100436681225
0.7,59,320059,330.13100436681225
0.7,60,320060,330.13100436681225
0.7,61,320061,330.13100436681225
0.7,62,320062,330.13100436681225
0.7,63,320063,330.13100436681225
0.7,64,320064,330.13100436681225
0.7,65,320065,330.13100436681225
0.7,66,320066,330.13100436681225
0.7,67,320067,330.13100436681225
0.7,68,320068,330.13100436681225
0.7,69,320069,330.13100436681225
0.7,70,320070,330.13100436681225
0.7,71,320071,330.13100436681225
0.7,72,320072,330.13100436681225
0.7,73,320073,330.13100436681225
0.7,74,320074,330.13100436681225
0.7,75,320075,330.13100436681225
0.7,76,320076,330.13100436681225
0.7,77,320077,330.13100436681225
0.7,78,320078,330.13100436681225
0.7,79,320079,330.13100436681225
0.7,80,320080,330.13100436681225
0.7,81,320081,330.13100436681225
0.7,82,320082,330.13100436681225
0.7,83,320083,330.13100436681225
0.7,84,320084,330.13100436681225
0.7,85,320085,330.13100436681225
0.7,86,320086,330.13100436681225
0.7,87,320087,330.13100436681225
0.7,88,320088,330.13100436681225
0.7,89,320089,330.13100436681225
0.7,90,320090,330.13100436681225
0.7,91,320091,330.13100436681225
0.7,92,320092,330.13100436681225
0.7,93,320093,330.13100436681225
0.7,94,320094,330.13100436681225
0.7,95,320095,330.13100436681225
0.7,96,320096,330.13100436681225
0.7,97,320097,330.13100436681225
0.7,98,320098,330.13100436681225
0.7,99,320099,330.13100436681225
0.7,100,320100,330.13100436681225
0.7,101,320101,330.13100436681225
0.7,102,320102,330.13100436681225
0.7,103,320103,330.13100436681225
0.7,104,320104,330.13100436681225
0.7,105,320105,330.13100436681225
0.7,106,320106,330.13100436681225
0.7,107,320107,330.13100436681225
0.7,108,320108,330.13100436681225
0.7,109,320109,330.13100436681225
0.7,110,320110,330.13100436681225
0.7,111,320111,330.13100436681225
0.7,112,320112,330.13100436681225
0.7,113,320113,330.13100436681225
0.7,114,320114,330.13100436681225
0.7,115,320115,330.13100436681225
0.7,116,320116,330.13100436681225
0.7,117,320117,330.13100436681225
0.7,118,320118,330.13100436681225
0.7,119,320119,330.13100436681225
0.7,120,320120,330.13100436681225
0.7,121,320121,330.13100436681225
0.7,122,320122,330.13100436681225
0.7,123,320123,330.13100436681225
0.7,124,320124,330.13100436681225
0.7,125,320125,330.13100436681225
0.7,126,320126,330.13100436681225
0.7,127,320127,330.13100436681225
0.7,128,320128,330.13100436681225
0.7,129,320129,330.13100436681225
0.7,130,320130,330.13100436681225
0.7,131,320131,330.13100436681225
0.7,132,320132,330.13100436681225
0.7,133,320133,330.13100436681225
0.7,134,320134,330.13100436681225
0.7,135,320135,330.13100436681225
0.7,136,320136,330.13100436681225
0.7,137,320137,330.13100436681225
0.7,138,320138,330.13100436681225
0.7,139,320139,330.13100436681225
0.7,140,320140,330.13100436681225
0.7,141,320141,330.13100436681225
0.7,142,320142,330.13100436681225
0.7,143,320143,330.13100436681225
0.7,144,320144,330.13100436681225
0.7,145,320145,330.13100436681225
0.7,146,320146,330.13100436681225
0.7,147,320147,330.13100436681225
0.7,148,320148,330.13100436681225
0.7,149,320149,330.13100436681225
0.7,150,320150,330.13100436681225
0.7,151,320151,330.13100436681225
0.7,152,320152,330.13100436681225
0.7,153,320153,330.13100436681225
0.7,154,320154,330.13100436681225
0.7,155,320155,330.13100436681225
0.7,156,320156,330.13100436681225
0.7,157,320157,330.13100436681225
0.7,158,320158,330.13100436681225
0.7,159,320159,330.13100436681225
0.7,160,320160,330.13100436681225
0.7,161,320161,330.13100436681225
0.7,162,320162,330.13100436681225
0.7,163,320163,330.13100436681225
0.7,164,320164,330.13100436681225
0.7,165,320165,330.13100436681225
0.7,166,320166,330.13100436681225
0.7,167,320167,330.13100436681225
0.7,168,320168,330.13100436681225
0.7,169,320169,330.13100436681225
0.7,170,320170,330.13100436681225
0.7,171,320171,330.13100436681225
0.7,172,320172,330.13100436681225
0.7,173,320173,330.13100436681225
0.7,174,320174,330.13100436681225
0.7,175,320175,330.13100436681225
0.7,176,320176,330.13100436681225
0.7,177,320177,330.13100436681225
0.7,178,320178,330.13100436681225
0.7,179,320179,330.13100436681225
0.7,180,320180,330.13100436681225
0.7,181,320181,330.13100436681225
0.7,182,320182,330.13100436681225
0.7,183,320183,330.13100436681225
0.7,184,320184,330.13100436681225
0.7,185,320185,330.13100436681225
0.7,186,320186,330.13100436681225
0.7,187,320187,330.13100436681225
0.7,188,320188,330.13100436681225
0.7,189,320189,330.13100436681225
0.7,190,320190,330.13100436681225
0.7,191,320191,330.13100436681225
0.7,192,320192,330.13100436681225
0.7,193,320193,330.13100436681225
0.7,194,320194,330.13100436681225
0.7,195,320195,330.13100436681225
0.7,196,320196,330.13100436681225
0.7,197,320197,330.13100436681225
0.7,198,320198,330.13100436681225
0.7,199,320199,330.13100436681225
0.85,0,330000,400.87336244541484
0.85,1,330001,400.87336244541484
0.85,2,330002,400.87336244541484
0.85,3,330003,400.87336244541484
0.85,4,330004,400.87336244541484
0.85,5,330005,400.87336244541484
0.85,6,330006,400.87336244541484
0.85,7,330007,400.87336244541484
0.85,8,330008,400.87336244541484
0.85,9,330009,400.87336244541484
0.85,10,330010,400.87336244541484
0.85,11,330011,400.87336244541484
0.85,12,330012,400.87336244541484
0.85,13,330013,400.87336244541484
0.85,14,330014,400.87336244541484
0.85,15,330015,400.87336244541484
0.85,16,330016,400.87336244541484
0.85,17,330017,400.87336244541484
0.85,18,330018,400.87336244541484
0.85,19,330019,400.87336244541484
0.85,20,330020,400.87336244541484
0.85,21,330021,400.87336244541484
0.85,22,330022,400.87336244541484
0.85,23,330023,400.87336244541484
0.85,24,330024,400.87336244541484
0.85,25,330025,400.87336244541484
0.85,26,330026,400.87336244541484
0.85,27,330027,400.87336244541484
0.85,28,330028,400.87336244541484
0.85,29,330029,400.87336244541484
0.85,30,330030,400.87336244541484
0.85,31,330031,400.87336244541484
0.85,32,330032,400.87336244541484
0.85,33,330033,400.87336244541484
0.85,34,330034,400.87336244541484
0.85,35,330035,400.87336244541484
0.85,36,330036,400.87336244541484
0.85,37,330037,400.87336244541484
0.85,38,330038,400.87336244541484
0.85,39,330039,400.87336244541484
0.85,40,330040,400.87336244541484
0.85,41,330041,400.87336244541484
0.85,42,330042,400.87336244541484
0.85,43,330043,400.87336244541484
0.85,44,330044,400.87336244541484
0.85,45,330045,400.87336244541484
0.85,46,330046,400.87336244541484
0.85,47,330047,400.87336244541484
0.85,48,330048,400.87336244541484
0.85,49,330049,400.87336244541484
0.85,50,330050,400.87336244541484
0.85,51,330051,400.87336244541484
0.85,52,330052,400.87336244541484
0.85,53,330053,400.87336244541484
0.85,54,330054,400.87336244541484
0.85,55,330055,400.87336244541484
0.85,56,330056,400.87336244541484
0.85,57,330057,400.87336244541484
0.85,58,330058,400.87336244541484
0.85,59,330059,400.87336244541484
0.85,60,330060,400.87336244541484
0.85,61,330061,400.87336244541484
0.85,62,330062,400.87336244541484
0.85,63,330063,400.87336244541484
0.85,64,330064,400.87336244541484
0.85,65,330065,400.87336244541484
0.85,66,330066,400.87336244541484
0.85,67,330067,400.87336244541484
0.85,68,330068,400.87336244541484
0.85,69,330069,400.87336244541484
0.85,70,330070,400.87336244541484
0.85,71,330071,400.87336244541484
0.85,72,330072,400.87336244541484
0.85,73,330073,400.87336244541484
0.85,74,330074,400.87336244541484
0.85,75,330075,400.87336244541484
0.85,76,330076,400.87336244541484
0.85,77,330077,400.87336244541484
0.85,78,330078,400.87336244541484
0.85,79,330079,400.87336244541484
0.85,80,330080,400.87336244541484
0.85,81,330081,400.87336244541484
0.85,82,330082,400.87336244541484
0.85,83,330083,400.87336244541484
0.85,84,330084,400.87336244541484
0.85,85,330085,400.87336244541484
0.85,86,330086,400.87336244541484
0.85,87,330087,400.87336244541484
0.85,88,330088,400.87336244541484
0.85,89,330089,400.87336244541484
0.85,90,330090,400.87336244541484
0.85,91,330091,400.87336244541484
0.85,92,330092,400.87336244541484
0.85,93,330093,400.87336244541484
0.85,94,330094,400.87336244541484
0.85,95,330095,400.87336244541484
0.85,96,330096,400.87336244541484
0.85,97,330097,400.87336244541484
0.85,98,330098,400.87336244541484
0.85,99,330099,400.87336244541484
0.85,100,330100,400.87336244541484
0.85,101,330101,400.87336244541484
0.85,102,330102,400.87336244541484
0.85,103,330103,400.87336244541484
0.85,104,330104,400.87336244541484
0.85,105,330105,400.87336244541484
0.85,106,330106,400.87336244541484
0.85,107,330107,400.87336244541484
0.85,108,330108,400.87336244541484
0.85,109,330109,400.87336244541484
0.85,110,330110,400.87336244541484
0.85,111,330111,400.87336244541484
0.85,112,330112,400.87336244541484
0.85,113,330113,400.87336244541484
0.85,114,330114,400.87336244541484
0.85,115,330115,400.87336244541484
0.85,116,330116,400.87336244541484
0.85,117,330117,400.87336244541484
0.85,118,330118,400.87336244541484
0.85,119,330119,400.87336244541484
0.85,120,330120,400.87336244541484
0.85,121,330121,400.87336244541484
0.85,122,330122,400.87336244541484
0.85,123,330123,400.87336244541484
0.85,124,330124,400.87336244541484
0.85,125,330125,400.87336244541484
0.85,126,330126,400.87336244541484
0.85,127,330127,400.87336244541484
0.85,128,330128,400.87336244541484
0.85,129,330129,400.87336244541484
0.85,130,330130,400.87336244541484
0.85,131,330131,400.87336244541484
0.85,132,330132,400.87336244541484
0.85,133,330133,400.87336244541484
0.85,134,330134,400.87336244541484
0.85,135,330135,400.87336244541484
0.85,136,330136,400.87336244541484
0.85,137,330137,400.87336244541484
0.85,138,330138,400.87336244541484
0.85,139,330139,400.87336244541484
0.85,140,330140,400.87336244541484
0.85,141,330141,400.87336244541484
0.85,142,330142,400.87336244541484
0.85,143,330143,400.87336244541484
0.85,144,330144,400.87336244541484
0.85,145,330145,400.87336244541484
0.85,146,330146,400.87336244541484
0.85,147,330147,400.87336244541484
0.85,148,330148,400.87336244541484
0.85,149,330149,400.87336244541484
0.85,150,330150,400.87336244541484
0.85,151,330151,400.87336244541484
0.85,152,330152,400.87336244541484
0.85,153,330153,400.87336244541484
0.85,154,330154,400.87336244541484
0.85,155,330155,400.87336244541484
0.85,156,330156,400.87336244541484
0.85,157,330157,400.87336244541484
0.85,158,330158,400.87336244541484
0.85,159,330159,400.87336244541484
0.85,160,330160,400.87336244541484
0.85,161,330161,400.87336244541484
0.85,162,330162,400.87336244541484
0.85,163,330163,400.87336244541484
0.85,164,330164,400.87336244541484
0.85,165,330165,400.87336244541484
0.85,166,330166,400.87336244541484
0.85,167,330167,400.87336244541484
0.85,168,330168,400.87336244541484
0.85,169,330169,400.87336244541484
0.85,170,330170,400.87336244541484
0.85,171,330171,400.87336244541484
0.85,172,330172,400.87336244541484
0.85,173,330173,400.87336244541484
0.85,174,330174,400.87336244541484
0.85,175,330175,400.87336244541484
0.85,176,330176,400.87336244541484
0.85,177,330177,400.87336244541484
0.85,178,330178,400.87336244541484
0.85,179,330179,400.87336244541484
0.85,180,330180,400.87336244541484
0.85,181,330181,400.87336244541484
0.85,182,330182,400.87336244541484
0.85,183,330183,400.87336244541484
0.85,184,330184,400.87336244541484
0.85,185,330185,400.87336244541484
0.85,186,330186,400.87336244541484
0.85,187,330187,400.87336244541484
0.85,188,330188,400.87336244541484
0.85,189,330189,400.87336244541484
0.85,190,330190,400.87336244541484
0.85,191,330191,400.87336244541484
0.85,192,330192,400.87336244541484
0.85,193,330193,400.87336244541484
0.85,194,330194,400.87336244541484
0.85,195,330195,400.87336244541484
0.85,196,330196,400.87336244541484
0.85,197,330197,400.87336244541484
0.85,198,330198,400.87336244541484
0.85,199,330199,400.87336244541484
0.95,0,340000,448.0349344978166
0.95,1,340001,448.0349344978166
0.95,2,340002,448.0349344978166
0.95,3,340003,448.0349344978166
0.95,4,340004,448.0349344978166
0.95,5,340005,448.0349344978166
0.95,6,340006,448.0349344978166
0.95,7,340007,448.0349344978166
0.95,8,340008,448.0349344978166
0.95,9,340009,448.0349344978166
0.95,10,340010,448.0349344978166
0.95,11,340011,448.0349344978166
0.95,12,340012,448.0349344978166
0.95,13,340013,448.0349344978166
0.95,14,340014,448.0349344978166
0.95,15,340015,448.0349344978166
0.95,16,340016,448.0349344978166
0.95,17,340017,448.0349344978166
0.95,18,340018,448.0349344978166
0.95,19,340019,448.0349344978166
0.95,20,340020,448.0349344978166
0.95,21,340021,448.0349344978166
0.95,22,340022,448.0349344978166
0.95,23,340023,448.0349344978166
0.95,24,340024,448.0349344978166
0.95,25,340025,448.0349344978166
0.95,26,340026,448.0349344978166
0.95,27,340027,448.0349344978166
0.95,28,340028,448.0349344978166
0.95,29,340029,448.0349344978166
0.95,30,340030,448.0349344978166
0.95,31,340031,448.0349344978166
0.95,32,340032,448.0349344978166
0.95,33,340033,448.0349344978166
0.95,34,340034,448.0349344978166
0.95,35,340035,448.0349344978166
0.95,36,340036,448.0349344978166
0.95,37,340037,448.0349344978166
0.95,38,340038,448.0349344978166
0.95,39,340039,448.0349344978166
0.95,40,340040,448.0349344978166
0.95,41,340041,448.0349344978166
0.95,42,340042,448.0349344978166
0.95,43,340043,448.0349344978166
0.95,44,340044,448.0349344978166
0.95,45,340045,448.0349344978166
0.95,46,340046,448.0349344978166
0.95,47,340047,448.0349344978166
0.95,48,340048,448.0349344978166
0.95,49,340049,448.0349344978166
0.95,50,340050,448.0349344978166
0.95,51,340051,448.0349344978166
0.95,52,340052,448.0349344978166
0.95,53,340053,448.0349344978166
0.95,54,340054,448.0349344978166
0.95,55,340055,448.0349344978166
0.95,56,340056,448.0349344978166
0.95,57,340057,448.0349344978166
0.95,58,340058,448.0349344978166
0.95,59,340059,448.0349344978166
0.95,60,340060,448.0349344978166
0.95,61,340061,448.0349344978166
0.95,62,340062,448.0349344978166
0.95,63,340063,448.0349344978166
0.95,64,340064,448.0349344978166
0.95,65,340065,448.0349344978166
0.95,66,340066,448.0349344978166
0.95,67,340067,448.0349344978166
0.95,68,340068,448.0349344978166
0.95,69,340069,448.0349344978166
0.95,70,340070,448.0349344978166
0.95,71,340071,448.0349344978166
0.95,72,340072,448.0349344978166
0.95,73,340073,448.0349344978166
0.95,74,340074,448.0349344978166
0.95,75,340075,448.0349344978166
0.95,76,340076,448.0349344978166
0.95,77,340077,448.0349344978166
0.95,78,340078,448.0349344978166
0.95,79,340079,448.0349344978166
0.95,80,340080,448.0349344978166
0.95,81,340081,448.0349344978166
0.95,82,340082,448.0349344978166
0.95,83,340083,448.0349344978166
0.95,84,340084,448.0349344978166
0.95,85,340085,448.0349344978166
0.95,86,340086,448.0349344978166
0.95,87,340087,448.0349344978166
0.95,88,340088,448.0349344978166
0.95,89,340089,448.0349344978166
0.95,90,340090,448.0349344978166
0.95,91,340091,448.0349344978166
0.95,92,340092,448.0349344978166
0.95,93,340093,448.0349344978166
0.95,94,340094,448.0349344978166
0.95,95,340095,448.0349344978166
0.95,96,340096,448.0349344978166
0.95,97,340097,448.0349344978166
0.95,98,340098,448.0349344978166
0.95,99,340099,448.0349344978166
0.95,100,340100,448.0349344978166
0.95,101,340101,448.0349344978166
0.95,102,340102,448.0349344978166
0.95,103,340103,448.0349344978166
0.95,104,340104,448.0349344978166
0.95,105,340105,448.0349344978166
0.95,106,340106,448.0349344978166
0.95,107,340107,448.0349344978166
0.95,108,340108,448.0349344978166
0.95,109,340109,448.0349344978166
0.95,110,340110,448.0349344978166
0.95,111,340111,448.0349344978166
0.95,112,340112,448.0349344978166
0.95,113,340113,448.0349344978166
0.95,114,340114,448.0349344978166
0.95,115,340115,448.0349344978166
0.95,116,340116,448.0349344978166
0.95,117,340117,448.0349344978166
0.95,118,340118,448.0349344978166
0.95,119,340119,448.0349344978166
0.95,120,340120,448.0349344978166
0.95,121,340121,448.0349344978166
0.95,122,340122,448.0349344978166
0.95,123,340123,448.0349344978166
0.95,124,340124,448.0349344978166
0.95,125,340125,448.0349344978166
0.95,126,340126,448.0349344978166
0.95,127,340127,448.0349344978166
0.95,128,340128,448.0349344978166
0.95,129,340129,448.0349344978166
0.95,130,340130,448.0349344978166
0.95,131,340131,448.0349344978166
0.95,132,340132,448.0349344978166
0.95,133,340133,448.0349344978166
0.95,134,340134,448.0349344978166
0.95,135,340135,448.0349344978166
0.95,136,340136,448.0349344978166
0.95,137,340137,448.0349344978166
0.95,138,340138,448.0349344978166
0.95,139,340139,448.0349344978166
0.95,140,340140,448.0349344978166
0.95,141,340141,448.0349344978166
0.95,142,340142,448.0349344978166
0.95,143,340143,448.0349344978166
0.95,144,340144,448.0349344978166
0.95,145,340145,448.0349344978166
0.95,146,340146,448.0349344978166
0.95,147,340147,448.0349344978166
0.95,148,340148,448.0349344978166
0.95,149,340149,448.0349344978166
0.95,150,340150,448.0349344978166
0.95,151,340151,448.0349344978166
0.95,152,340152,448.0349344978166
0.95,153,340153,448.0349344978166
0.95,154,340154,448.0349344978166
0.95,155,340155,448.0349344978166
0.95,156,340156,448.0349344978166
0.95,157,340157,448.0349344978166
0.95,158,340158,448.0349344978166
0.95,159,340159,448.0349344978166
0.95,160,340160,448.0349344978166
0.95,161,340161,448.0349344978166
0.95,162,340162,448.0349344978166
0.95,163,340163,448.0349344978166
0.95,164,340164,448.0349344978166
0.95,165,340165,448.0349344978166
0.95,166,340166,448.0349344978166
0.95,167,340167,448.0349344978166
0.95,168,340168,448.0349344978166
0.95,169,340169,448.0349344978166
0.95,170,340170,448.0349344978166
0.95,171,340171,448.0349344978166
0.95,172,340172,448.0349344978166
0.95,173,340173,448.0349344978166
0.95,174,340174,448.0349344978166
0.95,175,340175,448.0349344978166
0.95,176,340176,448.0349344978166
0.95,177,340177,448.0349344978166
0.95,178,340178,448.0349344978166
0.95,179,340179,448.0349344978166
0.95,180,340180,448.0349344978166
0.95,181,340181,448.0349344978166
0.95,182,340182,448.0349344978166
0.95,183,340183,448.0349344978166
0.95,184,340184,448.0349344978166
0.95,185,340185,448.0349344978166
0.95,186,340186,448.0349344978166
0.95,187,340187,448.0349344978166
0.95,188,340188,448.0349344978166
0.95,189,340189,448.0349344978166
0.95,190,340190,448.0349344978166
0.95,191,340191,448.0349344978166
0.95,192,340192,448.0349344978166
0.95,193,340193,448.0349344978166
0.95,194,340194,448.0349344978166
0.95,195,340195,448.0349344978166
0.95,196,340196,448.0349344978166
0.95,197,340197,448.0349344978166
0.95,198,340198,448.0349344978166
0.95,199,340199,448.0349344978166
1.0,0,350000,471.6157205240175
1.0,1,350001,471.6157205240175
1.0,2,350002,471.6157205240175
1.0,3,350003,471.6157205240175
1.0,4,350004,471.6157205240175
1.0,5,350005,471.6157205240175
1.0,6,350006,471.6157205240175
1.0,7,350007,471.6157205240175
1.0,8,350008,471.6157205240175
1.0,9,350009,471.6157205240175
1.0,10,350010,471.6157205240175
1.0,11,350011,471.6157205240175
1.0,12,350012,471.6157205240175
1.0,13,350013,471.6157205240175
1.0,14,350014,471.6157205240175
1.0,15,350015,471.6157205240175
1.0,16,350016,471.6157205240175
1.0,17,350017,471.6157205240175
1.0,18,350018,471.6157205240175
1.0,19,350019,471.6157205240175
1.0,20,350020,471.6157205240175
1.0,21,350021,471.6157205240175
1.0,22,350022,471.6157205240175
1.0,23,350023,471.6157205240175
1.0,24,350024,471.6157205240175
1.0,25,350025,471.6157205240175
1.0,26,350026,471.6157205240175
1.0,27,350027,471.6157205240175
1.0,28,350028,471.6157205240175
1.0,29,350029,471.6157205240175
1.0,30,350030,471.6157205240175
1.0,31,350031,471.6157205240175
1.0,32,350032,471.6157205240175
1.0,33,350033,471.6157205240175
1.0,34,350034,471.6157205240175
1.0,35,350035,471.6157205240175
1.0,36,350036,471.6157205240175
1.0,37,350037,471.6157205240175
1.0,38,350038,471.6157205240175
1.0,39,350039,471.6157205240175
1.0,40,350040,471.6157205240175
1.0,41,350041,471.6157205240175
1.0,42,350042,471.6157205240175
1.0,43,350043,471.6157205240175
1.0,44,350044,471.6157205240175
1.0,45,350045,471.6157205240175
1.0,46,350046,471.6157205240175
1.0,47,350047,471.6157205240175
1.0,48,350048,471.6157205240175
1.0,49,350049,471.6157205240175
1.0,50,350050,471.6157205240175
1.0,51,350051,471.6157205240175
1.0,52,350052,471.6157205240175
1.0,53,350053,471.6157205240175
1.0,54,350054,471.6157205240175
1.0,55,350055,471.6157205240175
1.0,56,350056,471.6157205240175
1.0,57,350057,471.6157205240175
1.0,58,350058,471.6157205240175
1.0,59,350059,471.6157205240175
1.0,60,350060,471.6157205240175
1.0,61,350061,471.6157205240175
1.0,62,350062,471.6157205240175
1.0,63,350063,471.6157205240175
1.0,64,350064,471.6157205240175
1.0,65,350065,471.6157205240175
1.0,66,350066,471.6157205240175
1.0,67,350067,471.6157205240175
1.0,68,350068,471.6157205240175
1.0,69,350069,471.6157205240175
1.0,70,350070,471.6157205240175
1.0,71,350071,471.6157205240175
1.0,72,350072,471.6157205240175
1.0,73,350073,471.6157205240175
1.0,74,350074,471.6157205240175
1.0,75,350075,471.6157205240175
1.0,76,350076,471.6157205240175
1.0,77,350077,471.6157205240175
1.0,78,350078,471.6157205240175
1.0,79,350079,471.6157205240175
1.0,80,350080,471.6157205240175
1.0,81,350081,471.6157205240175
1.0,82,350082,471.6157205240175
1.0,83,350083,471.6157205240175
1.0,84,350084,471.6157205240175
1.0,85,350085,471.6157205240175
1.0,86,350086,471.6157205240175
1.0,87,350087,471.6157205240175
1.0,88,350088,471.6157205240175
1.0,89,350089,471.6157205240175
1.0,90,350090,471.6157205240175
1.0,91,350091,471.6157205240175
1.0,92,350092,471.6157205240175
1.0,93,350093,471.6157205240175
1.0,94,350094,471.6157205240175
1.0,95,350095,471.6157205240175
1.0,96,350096,471.6157205240175
1.0,97,350097,471.6157205240175
1.0,98,350098,471.6157205240175
1.0,99,350099,471.6157205240175
1.0,100,350100,471.6157205240175
1.0,101,350101,471.6157205240175
1.0,102,350102,471.6157205240175
1.0,103,350103,471.6157205240175
1.0,104,350104,471.6157205240175
1.0,105,350105,471.6157205240175
1.0,106,350106,471.6157205240175
1.0,107,350107,471.6157205240175
1.0,108,350108,471.6157205240175
1.0,109,350109,471.6157205240175
1.0,110,350110,471.6157205240175
1.0,111,350111,471.6157205240175
1.0,112,350112,471.6157205240175
1.0,113,350113,471.6157205240175
1.0,114,350114,471.6157205240175
1.0,115,350115,471.6157205240175
1.0,116,350116,471.6157205240175
1.0,117,350117,471.6157205240175
1.0,118,350118,471.6157205240175
1.0,119,350119,471.6157205240175
1.0,120,350120,471.6157205240175
1.0,121,350121,471.6157205240175
1.0,122,350122,471.6157205240175
1.0,123,350123,471.6157205240175
1.0,124,350124,471.6157205240175
1.0,125,350125,471.6157205240175
1.0,126,350126,471.6157205240175
1.0,127,350127,471.6157205240175
1.0,128,350128,471.6157205240175
1.0,129,350129,471.6157205240175
1.0,130,350130,471.6157205240175
1.0,131,350131,471.6157205240175
1.0,132,350132,471.6157205240175
1.0,133,350133,471.6157205240175
1.0,134,350134,471.6157205240175
1.0,135,350135,471.6157205240175
1.0,136,350136,471.6157205240175
1.0,137,350137,471.6157205240175
1.0,138,350138,471.6157205240175
1.0,139,350139,471.6157205240175
1.0,140,350140,471.6157205240175
1.0,141,350141,471.6157205240175
1.0,142,350142,471.6157205240175
1.0,143,350143,471.6157205240175
1.0,144,350144,471.6157205240175
1.0,145,350145,471.6157205240175
1.0,146,350146,471.6157205240175
1.0,147,350147,471.6157205240175
1.0,148,350148,471.6157205240175
1.0,149,350149,471.6157205240175
1.0,150,350150,471.6157205240175
1.0,151,350151,471.6157205240175
1.0,152,350152,471.6157205240175
1.0,153,350153,471.6157205240175
1.0,154,350154,471.6157205240175
1.0,155,350155,471.6157205240175
1.0,156,350156,471.6157205240175
1.0,157,350157,471.6157205240175
1.0,158,350158,471.6157205240175
1.0,159,350159,471.6157205240175
1.0,160,350160,471.6157205240175
1.0,161,350161,471.6157205240175
1.0,162,350162,471.6157205240175
1.0,163,350163,471.6157205240175
1.0,164,350164,471.6157205240175
1.0,165,350165,471.6157205240175
1.0,166,350166,471.6157205240175
1.0,167,350167,471.6157205240175
1.0,168,350168,471.6157205240175
1.0,169,350169,471.6157205240175
1.0,170,350170,471.6157205240175
1.0,171,350171,471.6157205240175
1.0,172,350172,471.6157205240175
1.0,173,350173,471.6157205240175
1.0,174,350174,471.6157205240175
1.0,175,350175,471.6157205240175
1.0,176,350176,471.6157205240175
1.0,177,350177,471.6157205240175
1.0,178,350178,471.6157205240175
1.0,179,350179,471.6157205240175
1.0,180,350180,471.6157205240175
1.0,181,350181,471.6157205240175
1.0,182,350182,471.6157205240175
1.0,183,350183,471.6157205240175
1.0,184,350184,471.6157205240175
1.0,185,350185,471.6157205240175
1.0,186,350186,471.6157205240175
1.0,187,350187,471.6157205240175
1.0,188,350188,471.6157205240175
1.0,189,350189,471.6157205240175
1.0,190,350190,471.6157205240175
1.0,191,350191,471.6157205240175
1.0,192,350192,471.6157205240175
1.0,193,350193,471.6157205240175
1.0,194,350194,471.6157205240175
1.0,195,350195,471.6157205240175
1.0,196,350196,471.6157205240175
1.0,197,350197,471.6157205240175
1.0,198,350198,471.6157205240175
1.0,199,350199,471.6157205240175
1.15,0,360000,542.35807860262
1.15,1,360001,542.35807860262
1.15,2,360002,542.35807860262
1.15,3,360003,542.35807860262
1.15,4,360004,542.35807860262
1.15,5,360005,542.35807860262
1.15,6,360006,542.35807860262
1.15,7,360007,542.35807860262
1.15,8,360008,542.35807860262
1.15,9,360009,542.35807860262
1.15,10,360010,542.35807860262
1.15,11,360011,542.35807860262
1.15,12,360012,542.35807860262
1.15,13,360013,542.35807860262
1.15,14,360014,542.35807860262
1.15,15,360015,542.35807860262
1.15,16,360016,542.35807860262
1.15,17,360017,542.35807860262
1.15,18,360018,542.35807860262
1.15,19,360019,542.35807860262
1.15,20,360020,542.35807860262
1.15,21,360021,542.35807860262
1.15,22,360022,542.35807860262
1.15,23,360023,542.35807860262
1.15,24,360024,542.35807860262
1.15,25,360025,542.35807860262
1.15,26,360026,542.35807860262
1.15,27,360027,542.35807860262
1.15,28,360028,542.35807860262
1.15,29,360029,542.35807860262
1.15,30,360030,542.35807860262
1.15,31,360031,542.35807860262
1.15,32,360032,542.35807860262
1.15,33,360033,542.35807860262
1.15,34,360034,542.35807860262
1.15,35,360035,542.35807860262
1.15,36,360036,542.35807860262
1.15,37,360037,542.35807860262
1.15,38,360038,542.35807860262
1.15,39,360039,542.35807860262
1.15,40,360040,542.35807860262
1.15,41,360041,542.35807860262
1.15,42,360042,542.35807860262
1.15,43,360043,542.35807860262
1.15,44,360044,542.35807860262
1.15,45,360045,542.35807860262
1.15,46,360046,542.35807860262
1.15,47,360047,542.35807860262
1.15,48,360048,542.35807860262
1.15,49,360049,542.35807860262
1.15,50,360050,542.35807860262
1.15,51,360051,542.35807860262
1.15,52,360052,542.35807860262
1.15,53,360053,542.35807860262
1.15,54,360054,542.35807860262
1.15,55,360055,542.35807860262
1.15,56,360056,542.35807860262
1.15,57,360057,542.35807860262
1.15,58,360058,542.35807860262
1.15,59,360059,542.35807860262
1.15,60,360060,542.35807860262
1.15,61,360061,542.35807860262
1.15,62,360062,542.35807860262
1.15,63,360063,542.35807860262
1.15,64,360064,542.35807860262
1.15,65,360065,542.35807860262
1.15,66,360066,542.35807860262
1.15,67,360067,542.35807860262
1.15,68,360068,542.35807860262
1.15,69,360069,542.35807860262
1.15,70,360070,542.35807860262
1.15,71,360071,542.35807860262
1.15,72,360072,542.35807860262
1.15,73,360073,542.35807860262
1.15,74,360074,542.35807860262
1.15,75,360075,542.35807860262
1.15,76,360076,542.35807860262
1.15,77,360077,542.35807860262
1.15,78,360078,542.35807860262
1.15,79,360079,542.35807860262
1.15,80,360080,542.35807860262
1.15,81,360081,542.35807860262
1.15,82,360082,542.35807860262
1.15,83,360083,542.35807860262
1.15,84,360084,542.35807860262
1.15,85,360085,542.35807860262
1.15,86,360086,542.35807860262
1.15,87,360087,542.35807860262
1.15,88,360088,542.35807860262
1.15,89,360089,542.35807860262
1.15,90,360090,542.35807860262
1.15,91,360091,542.35807860262
1.15,92,360092,542.35807860262
1.15,93,360093,542.35807860262
1.15,94,360094,542.35807860262
1.15,95,360095,542.35807860262
1.15,96,360096,542.35807860262
1.15,97,360097,542.35807860262
1.15,98,360098,542.35807860262
1.15,99,360099,542.35807860262
1.15,100,360100,542.35807860262
1.15,101,360101,542.35807860262
1.15,102,360102,542.35807860262
1.15,103,360103,542.35807860262
1.15,104,360104,542.35807860262
1.15,105,360105,542.35807860262
1.15,106,360106,542.35807860262
1.15,107,360107,542.35807860262
1.15,108,360108,542.35807860262
1.15,109,360109,542.35807860262
1.15,110,360110,542.35807860262
1.15,111,360111,542.35807860262
1.15,112,360112,542.35807860262
1.15,113,360113,542.35807860262
1.15,114,360114,542.35807860262
1.15,115,360115,542.35807860262
1.15,116,360116,542.35807860262
1.15,117,360117,542.35807860262
1.15,118,360118,542.35807860262
1.15,119,360119,542.35807860262
1.15,120,360120,542.35807860262
1.15,121,360121,542.35807860262
1.15,122,360122,542.35807860262
1.15,123,360123,542.35807860262
1.15,124,360124,542.35807860262
1.15,125,360125,542.35807860262
1.15,126,360126,542.35807860262
1.15,127,360127,542.35807860262
1.15,128,360128,542.35807860262
1.15,129,360129,542.35807860262
1.15,130,360130,542.35807860262
1.15,131,360131,542.35807860262
1.15,132,360132,542.35807860262
1.15,133,360133,542.35807860262
1.15,134,360134,542.35807860262
1.15,135,360135,542.35807860262
1.15,136,360136,542.35807860262
1.15,137,360137,542.35807860262
1.15,138,360138,542.35807860262
1.15,139,360139,542.35807860262
1.15,140,360140,542.35807860262
1.15,141,360141,542.35807860262
1.15,142,360142,542.35807860262
1.15,143,360143,542.35807860262
1.15,144,360144,542.35807860262
1.15,145,360145,542.35807860262
1.15,146,360146,542.35807860262
1.15,147,360147,542.35807860262
1.15,148,360148,542.35807860262
1.15,149,360149,542.35807860262
1.15,150,360150,542.35807860262
1.15,151,360151,542.35807860262
1.15,152,360152,542.35807860262
1.15,153,360153,542.35807860262
1.15,154,360154,542.35807860262
1.15,155,360155,542.35807860262
1.15,156,360156,542.35807860262
1.15,157,360157,542.35807860262
1.15,158,360158,542.35807860262
1.15,159,360159,542.35807860262
1.15,160,360160,542.35807860262
1.15,161,360161,542.35807860262
1.15,162,360162,542.35807860262
1.15,163,360163,542.35807860262
1.15,164,360164,542.35807860262
1.15,165,360165,542.35807860262
1.15,166,360166,542.35807860262
1.15,167,360167,542.35807860262
1.15,168,360168,542.35807860262
1.15,169,360169,542.35807860262
1.15,170,360170,542.35807860262
1.15,171,360171,542.35807860262
1.15,172,360172,542.35807860262
1.15,173,360173,542.35807860262
1.15,174,360174,542.35807860262
1.15,175,360175,542.35807860262
1.15,176,360176,542.35807860262
1.15,177,360177,542.35807860262
1.15,178,360178,542.35807860262
1.15,179,360179,542.35807860262
1.15,180,360180,542.35807860262
1.15,181,360181,542.35807860262
1.15,182,360182,542.35807860262
1.15,183,360183,542.35807860262
1.15,184,360184,542.35807860262
1.15,185,360185,542.35807860262
1.15,186,360186,542.35807860262
1.15,187,360187,542.35807860262
1.15,188,360188,542.35807860262
1.15,189,360189,542.35807860262
1.15,190,360190,542.35807860262
1.15,191,360191,542.35807860262
1.15,192,360192,542.35807860262
1.15,193,360193,542.35807860262
1.15,194,360194,542.35807860262
1.15,195,360195,542.35807860262
1.15,196,360196,542.35807860262
1.15,197,360197,542.35807860262
1.15,198,360198,542.35807860262
1.15,199,360199,542.35807860262
