endpoint,policy,load_regime,mean,ci95_half_width
mean_movement_starts,S0,0.5,1.0027070266836768,0.0020488852530356704
mean_movement_starts,S0,0.7,1.2006757556124301,0.12804595998297522
mean_movement_starts,S0,0.85,2.474739918269514,0.4361230661148188
mean_movement_starts,S0,0.95,7.3405741140837675,1.0806987325093724
mean_movement_starts,S0,1.0,13.864274425144686,1.7643818442397965
mean_movement_starts,S0,1.15,43.87908653012096,2.4668713420899504
mean_movement_starts,S3,0.5,1.0,0.0
mean_movement_starts,S3,0.7,1.0,0.0
mean_movement_starts,S3,0.85,1.0,0.0
mean_movement_starts,S3,0.95,1.0,0.0
mean_movement_starts,S3,1.0,1.0,0.0
mean_movement_starts,S3,1.15,1.0,0.0
mean_movement_stops,S0,0.5,0.002707026683676855,0.0020488852530356674
mean_movement_stops,S0,0.7,0.20067575561242992,0.12804595998297522
mean_movement_stops,S0,0.85,1.4747399182695136,0.4361230661148188
mean_movement_stops,S0,0.95,6.3405741140837675,1.0806987325093724
mean_movement_stops,S0,1.0,12.864274425144686,1.7643818442397965
mean_movement_stops,S0,1.15,42.87908653012096,2.4668713420899504
mean_movement_stops,S3,0.5,0.0,0.0
mean_movement_stops,S3,0.7,0.0,0.0
mean_movement_stops,S3,0.85,0.0,0.0
mean_movement_stops,S3,0.95,0.0,0.0
mean_movement_stops,S3,1.0,0.0,0.0
mean_movement_stops,S3,1.15,0.0,0.0
mean_movement_distance_m,S0,0.5,55.0,0.0
mean_movement_distance_m,S0,0.7,55.0,0.0
mean_movement_distance_m,S0,0.85,55.0,0.0
mean_movement_distance_m,S0,0.95,55.0,0.0
mean_movement_distance_m,S0,1.0,55.0,0.0
mean_movement_distance_m,S0,1.15,55.0,0.0
mean_movement_distance_m,S3,0.5,22.0,0.0
mean_movement_distance_m,S3,0.7,22.0,0.0
mean_movement_distance_m,S3,0.85,22.0,0.0
mean_movement_distance_m,S3,0.95,22.0,0.0
mean_movement_distance_m,S3,1.0,22.0,0.0
mean_movement_distance_m,S3,1.15,22.0,0.0
mean_turning_angle_degrees,S0,0.5,1800.0,0.0
mean_turning_angle_degrees,S0,0.7,1800.0,0.0
mean_turning_angle_degrees,S0,0.85,1800.0,0.0
mean_turning_angle_degrees,S0,0.95,1800.0,0.0
mean_turning_angle_degrees,S0,1.0,1800.0,0.0
mean_turning_angle_degrees,S0,1.15,1800.0,0.0
mean_turning_angle_degrees,S3,0.5,360.0,0.0
mean_turning_angle_degrees,S3,0.7,360.0,0.0
mean_turning_angle_degrees,S3,0.85,360.0,0.0
mean_turning_angle_degrees,S3,0.95,360.0,0.0
mean_turning_angle_degrees,S3,1.0,360.0,0.0
mean_turning_angle_degrees,S3,1.15,360.0,0.0
